"Estado","Salud","IMSS.ORD","ISSSTE","IMSS.OP","DIF","PEMEX","SEDENA","SEMAR","Otras","Total","Ano","Tipo"
"Aguascalientes",1441,48,1,0,0,0,0,0,0,1490,"2003","General"
"Baja California",16,30,2,0,0,0,1,0,20,69,"2003","General"
"Baja California Sur",56,4,13,0,0,0,5,1,0,79,"2003","General"
"Campeche",27,1,5,14,0,0,1,0,0,48,"2003","General"
"Coahuila",33,37,0,8,2,0,0,0,3,83,"2003","General"
"Colima",7169,2889,109,0,0,0,19,84,1,10271,"2003","General"
"Chiapas",110,6,32,42,0,0,0,0,5,195,"2003","General"
"Chihuahua",137,154,0,125,0,0,0,0,50,466,"2003","General"
"Distrito Federal",201,17,47,0,0,1,1,1,0,268,"2003","General"
"Durango",4552,5,18,928,0,0,9,0,0,5512,"2003","General"
"Guanajuato",12116,4655,258,0,0,0,98,0,6946,24073,"2003","General"
"Guerrero",22044,1226,746,0,0,0,97,79,12,24204,"2003","General"
"Hidalgo",210,0,17,42,0,3,0,0,4,276,"2003","General"
"Jalisco",33556,11504,107,0,1,0,48,0,3237,48453,"2003","General"
"Mexico",5302,19,26,0,7,0,2,0,309,5665,"2003","General"
"Michoacan",14252,6019,942,7357,0,0,0,18,0,28588,"2003","General"
"Morelos",20149,8977,1615,0,0,0,0,0,0,30741,"2003","General"
"Nayarit",9253,1826,79,3755,12,0,125,2,0,15052,"2003","General"
"Nuevo Leon",30,124,0,0,0,0,1,0,311,466,"2003","General"
"Oaxaca",2447,174,115,1483,0,0,23,8,6,4256,"2003","General"
"Puebla",10450,1337,121,3527,0,0,5,0,41,15481,"2003","General"
"Queretaro",1064,3266,12,0,0,0,0,0,35,4377,"2003","General"
"Quintana Roo",49,37,4,0,0,0,0,0,0,90,"2003","General"
"San Luis Potosi",110,112,1,33,0,1,1,0,0,258,"2003","General"
"Sinaloa",3239,1671,209,1783,32,2,16,19,554,7525,"2003","General"
"Sonora",9060,1708,30,0,0,0,7,0,582,11387,"2003","General"
"Tabasco",27,1,0,0,0,0,6,0,10,44,"2003","General"
"Tamaulipas",261,18,13,27,0,8,10,1,185,523,"2003","General"
"Tlaxcala",27,4,0,0,0,0,0,0,0,31,"2003","General"
"Veracruz",145,52,2,36,0,0,10,4,0,249,"2003","General"
"Yucatan",39,1,1,22,1,0,0,0,0,64,"2003","General"
"Zacatecas",2050,174,10,665,0,0,0,0,0,2899,"2003","General"
"Total",159622,46096,4535,19847,55,15,485,217,12311,243183,"2003","General"
"Aguascalientes",2772,27,3,0,0,0,0,0,0,2802,"2004","General"
"Baja California",27,56,4,2,0,0,0,0,2,91,"2004","General"
"Baja California Sur",76,0,13,0,0,0,1,0,0,90,"2004","General"
"Campeche",16,3,6,4,0,0,0,0,3,32,"2004","General"
"Coahuila",31,36,2,11,0,0,0,0,44,124,"2004","General"
"Colima",7106,3212,112,0,0,0,11,97,102,10640,"2004","General"
"Chiapas",131,6,27,35,0,0,19,0,8,226,"2004","General"
"Chihuahua",158,102,0,111,0,0,0,0,39,410,"2004","General"
"Distrito Federal",261,21,63,0,0,0,0,3,0,348,"2004","General"
"Durango",4369,24,18,828,0,0,4,0,0,5243,"2004","General"
"Guanajuato",11577,5829,295,0,0,0,74,0,5479,23254,"2004","General"
"Guerrero",25634,2136,830,0,0,0,234,83,4,28921,"2004","General"
"Hidalgo",214,0,1,40,0,0,0,0,5,260,"2004","General"
"Jalisco",31626,12848,117,0,3,10,180,1,3164,47949,"2004","General"
"Mexico",4990,22,18,0,3,0,2,0,284,5319,"2004","General"
"Michoacan",13936,2669,716,6502,0,0,0,24,0,23847,"2004","General"
"Morelos",18005,6484,1070,0,0,0,0,0,0,25559,"2004","General"
"Nayarit",9295,1699,81,3390,5,0,126,0,46,14642,"2004","General"
"Nuevo Leon",40,171,0,0,0,0,0,0,66,277,"2004","General"
"Oaxaca",2376,114,94,1361,0,4,10,26,3,3988,"2004","General"
"Puebla",9976,1234,137,3428,0,0,1,0,79,14855,"2004","General"
"Queretaro",930,2881,37,0,0,0,0,0,36,3884,"2004","General"
"Quintana Roo",35,42,11,0,0,0,0,0,0,88,"2004","General"
"San Luis Potosi",80,184,3,51,0,2,0,0,5,325,"2004","General"
"Sinaloa",3380,1577,147,2183,30,0,26,18,802,8163,"2004","General"
"Sonora",3816,1487,72,0,0,0,15,0,229,5619,"2004","General"
"Tabasco",26,0,1,0,0,1,0,0,0,28,"2004","General"
"Tamaulipas",169,11,0,42,0,7,9,0,148,386,"2004","General"
"Tlaxcala",38,9,0,0,0,0,0,0,0,47,"2004","General"
"Veracruz",114,66,3,27,0,0,2,3,0,215,"2004","General"
"Yucatan",14,1,0,15,0,0,0,2,1,33,"2004","General"
"Zacatecas",1841,142,6,544,0,0,1,0,0,2534,"2004","General"
"Total",153059,43093,3887,18574,41,24,715,257,10549,230199,"2004","General"
"Aguascalientes",1738,22,0,0,0,0,0,0,1,1761,"2005","General"
"Baja California",38,53,5,4,0,0,1,0,48,149,"2005","General"
"Baja California Sur",95,0,23,0,0,0,0,1,0,119,"2005","General"
"Campeche",14,1,7,11,0,0,1,0,2,36,"2005","General"
"Coahuila",43,47,2,12,0,0,0,0,31,135,"2005","General"
"Colima",7065,2253,89,0,0,0,26,83,210,9726,"2005","General"
"Chiapas",190,2,26,52,0,0,10,0,6,286,"2005","General"
"Chihuahua",148,56,3,92,0,0,5,0,21,325,"2005","General"
"Distrito Federal",321,11,45,0,1,0,5,1,10,394,"2005","General"
"Durango",5121,2,8,639,4,0,1,0,0,5775,"2005","General"
"Guanajuato",12646,6852,366,4,0,1,49,0,6501,26419,"2005","General"
"Guerrero",27710,4200,1146,6,0,0,30,62,0,33154,"2005","General"
"Hidalgo",219,0,1,25,0,1,0,0,4,250,"2005","General"
"Jalisco",35421,11898,169,3,0,0,69,0,2753,50313,"2005","General"
"Mexico",5360,2,18,1,8,0,5,0,363,5757,"2005","General"
"Michoacan",15555,3775,770,6840,0,0,63,33,0,27036,"2005","General"
"Morelos",22655,7722,1142,28,0,0,12,0,0,31559,"2005","General"
"Nayarit",8702,1530,83,3015,4,0,106,0,26,13466,"2005","General"
"Nuevo Leon",30,21,0,0,0,0,0,0,71,122,"2005","General"
"Oaxaca",2945,91,74,1540,3,1,15,21,2,4692,"2005","General"
"Puebla",11500,1377,113,3529,0,3,0,0,53,16575,"2005","General"
"Queretaro",1180,2422,82,0,0,0,0,0,89,3773,"2005","General"
"Quintana Roo",77,35,30,0,0,0,0,0,0,142,"2005","General"
"San Luis Potosi",123,114,1,72,0,5,3,0,5,323,"2005","General"
"Sinaloa",2782,1527,108,1503,27,0,64,27,747,6785,"2005","General"
"Sonora",3675,1240,122,2,0,0,15,0,194,5248,"2005","General"
"Tabasco",18,6,1,0,0,0,0,0,13,38,"2005","General"
"Tamaulipas",149,53,1,20,37,5,3,3,36,307,"2005","General"
"Tlaxcala",25,12,0,0,0,0,0,0,0,37,"2005","General"
"Veracruz",99,57,0,21,0,0,2,0,0,179,"2005","General"
"Yucatan",25,4,5,24,0,0,0,0,0,58,"2005","General"
"Zacatecas",2387,60,9,581,0,0,0,0,0,3037,"2005","General"
"Total",168056,45445,4449,18024,84,16,485,231,11186,247976,"2005","General"
"Aguascalientes",1973,26,0,0,0,0,0,0,1,2000,"2006","General"
"Baja California",38,52,2,2,0,0,1,0,25,120,"2006","General"
"Baja California Sur",117,2,25,0,0,0,0,0,0,144,"2006","General"
"Campeche",16,8,5,1,0,0,0,0,5,35,"2006","General"
"Coahuila",68,61,4,7,0,0,0,0,8,148,"2006","General"
"Colima",7660,2462,83,0,0,0,5,76,57,10343,"2006","General"
"Chiapas",140,15,19,29,0,0,8,0,0,211,"2006","General"
"Chihuahua",170,24,15,117,0,0,3,0,20,349,"2006","General"
"Distrito Federal",325,28,63,0,8,0,3,3,19,449,"2006","General"
"Durango",5218,10,8,832,0,0,2,0,0,6070,"2006","General"
"Guanajuato",14862,9703,372,0,0,21,67,0,6884,31909,"2006","General"
"Guerrero",33961,6480,1068,17,0,0,83,82,34,41725,"2006","General"
"Hidalgo",234,0,0,17,0,0,0,0,4,255,"2006","General"
"Jalisco",40582,15127,196,3,0,0,108,0,3646,59662,"2006","General"
"Mexico",6316,14,15,11,5,0,1,0,349,6711,"2006","General"
"Michoacan",18354,4633,760,7976,0,0,52,24,0,31799,"2006","General"
"Morelos",24408,6240,1100,20,0,0,19,0,0,31787,"2006","General"
"Nayarit",9702,1433,69,3397,4,0,60,0,36,14701,"2006","General"
"Nuevo Leon",61,62,4,0,0,0,0,0,48,175,"2006","General"
"Oaxaca",2955,49,134,1810,3,1,18,7,3,4980,"2006","General"
"Puebla",12094,965,99,4115,0,0,5,0,74,17352,"2006","General"
"Queretaro",1297,2740,130,0,18,0,0,0,90,4275,"2006","General"
"Quintana Roo",49,67,21,0,0,0,0,0,0,137,"2006","General"
"San Luis Potosi",120,174,10,88,0,0,0,0,5,397,"2006","General"
"Sinaloa",3409,1508,159,1689,5,0,28,38,847,7683,"2006","General"
"Sonora",3157,1216,94,0,0,0,9,0,167,4643,"2006","General"
"Tabasco",18,6,0,0,0,2,0,0,1,27,"2006","General"
"Tamaulipas",200,59,10,40,0,6,3,0,8,326,"2006","General"
"Tlaxcala",31,8,0,0,0,0,0,0,0,39,"2006","General"
"Veracruz",152,61,3,38,0,0,0,0,0,254,"2006","General"
"Yucatan",20,9,5,23,0,0,0,0,5,62,"2006","General"
"Zacatecas",2987,60,9,773,0,0,1,0,0,3830,"2006","General"
"Total",190694,53302,4482,21005,43,30,476,230,12336,282598,"2006","General"
"Aguascalientes",1913,18,2,NA,0,NA,0,NA,0,1933,"2007","General"
"Baja California",30,67,2,4,NA,NA,0,0,37,140,"2007","General"
"Baja California Sur",115,6,11,NA,NA,NA,1,1,NA,134,"2007","General"
"Campeche",30,7,3,2,0,0,1,0,1,44,"2007","General"
"Coahuila",61,87,5,18,0,NA,1,NA,13,185,"2007","General"
"Colima",7191,2465,88,NA,0,NA,6,67,57,9874,"2007","General"
"Chiapas",152,32,30,51,NA,0,1,28,12,306,"2007","General"
"Chihuahua",151,95,1,134,NA,NA,0,NA,9,390,"2007","General"
"Distrito Federal",324,34,69,0,3,0,11,1,20,462,"2007","General"
"Durango",5376,211,2,938,0,NA,6,NA,3,6536,"2007","General"
"Guanajuato",14263,10045,270,2,NA,22,68,NA,7618,32288,"2007","General"
"Guerrero",31755,5946,825,2,NA,NA,124,20,0,38672,"2007","General"
"Hidalgo",126,1,3,16,0,0,0,NA,4,150,"2007","General"
"Jalisco",39224,11374,143,0,0,0,77,6,5062,55886,"2007","General"
"Mexico",6070,45,6,1,3,NA,2,NA,308,6435,"2007","General"
"Michoacan",17182,2716,751,6864,NA,NA,55,13,NA,27581,"2007","General"
"Morelos",24305,6746,1207,14,NA,NA,81,NA,NA,32353,"2007","General"
"Nayarit",10486,1580,162,3570,13,NA,62,1,34,15908,"2007","General"
"Nuevo Leon",57,122,0,0,0,0,0,NA,25,204,"2007","General"
"Oaxaca",3382,160,158,1765,2,3,8,24,15,5517,"2007","General"
"Puebla",9317,1035,110,4355,0,0,1,NA,75,14893,"2007","General"
"Queretaro",1175,2298,108,0,3,NA,NA,NA,84,3668,"2007","General"
"Quintana Roo",46,44,11,NA,NA,NA,1,1,NA,103,"2007","General"
"San Luis Potosi",151,116,7,87,NA,1,0,NA,11,373,"2007","General"
"Sinaloa",3433,1453,145,2113,5,1,26,21,706,7903,"2007","General"
"Sonora",3559,952,90,0,NA,NA,16,6,186,4809,"2007","General"
"Tabasco",19,14,1,NA,NA,0,4,0,3,41,"2007","General"
"Tamaulipas",191,65,16,33,0,2,2,1,7,317,"2007","General"
"Tlaxcala",36,17,0,0,0,NA,0,NA,0,53,"2007","General"
"Veracruz",168,112,4,50,0,0,1,0,NA,335,"2007","General"
"Yucatan",17,24,4,23,0,NA,0,1,0,69,"2007","General"
"Zacatecas",2860,90,5,910,0,NA,12,NA,1,3878,"2007","General"
"Total",183165,47977,4239,20952,29,29,567,191,14291,271440,"2007","General"
"Aguascalientes",1960,26,0,NA,0,NA,0,NA,0,1986,"2008","General"
"Baja California",32,79,2,1,NA,NA,0,1,40,155,"2008","General"
"Baja California Sur",81,19,17,NA,NA,NA,1,2,NA,120,"2008","General"
"Campeche",90,19,12,3,0,0,0,0,1,125,"2008","General"
"Coahuila",90,68,4,10,0,NA,0,NA,13,185,"2008","General"
"Colima",7642,2418,85,NA,0,NA,7,78,131,10361,"2008","General"
"Chiapas",219,53,43,60,NA,0,0,6,10,391,"2008","General"
"Chihuahua",149,92,8,148,NA,NA,0,NA,16,413,"2008","General"
"Distrito Federal",360,32,60,0,0,0,9,1,19,481,"2008","General"
"Durango",5173,94,2,977,0,NA,2,NA,6,6254,"2008","General"
"Guanajuato",15561,6276,427,1,NA,37,52,NA,6278,28632,"2008","General"
"Guerrero",34065,4787,1226,2,NA,NA,50,11,NA,40141,"2008","General"
"Hidalgo",211,0,0,11,0,0,0,NA,6,228,"2008","General"
"Jalisco",38492,10806,116,5,0,0,16,2,4740,54177,"2008","General"
"Mexico",7694,53,14,2,10,NA,2,NA,344,8119,"2008","General"
"Michoacan",17010,5426,791,7412,NA,NA,58,4,NA,30701,"2008","General"
"Morelos",23696,5657,1208,18,NA,NA,141,NA,NA,30720,"2008","General"
"Nayarit",9977,1238,163,3680,29,NA,20,1,20,15128,"2008","General"
"Nuevo Leon",65,125,2,0,NA,0,0,NA,41,233,"2008","General"
"Oaxaca",3678,149,162,1798,8,3,8,30,11,5847,"2008","General"
"Puebla",10550,953,100,3795,0,0,1,NA,44,15443,"2008","General"
"Queretaro",1218,2837,96,0,1,NA,0,NA,76,4228,"2008","General"
"Quintana Roo",40,38,8,NA,NA,NA,0,0,NA,86,"2008","General"
"San Luis Potosi",116,145,6,74,NA,0,0,NA,12,353,"2008","General"
"Sinaloa",3854,1507,179,2141,17,1,22,20,746,8487,"2008","General"
"Sonora",2869,1043,76,0,NA,NA,7,0,253,4248,"2008","General"
"Tabasco",24,25,3,NA,NA,0,1,0,0,53,"2008","General"
"Tamaulipas",156,82,12,25,2,4,3,0,23,307,"2008","General"
"Tlaxcala",46,6,0,0,0,NA,0,NA,0,52,"2008","General"
"Veracruz",138,66,2,34,0,0,2,0,NA,242,"2008","General"
"Yucatan",7,31,0,25,0,NA,0,0,0,63,"2008","General"
"Zacatecas",2895,95,8,992,0,NA,26,NA,1,4017,"2008","General"
"Total",188158,44245,4832,21214,67,45,428,156,12831,271976,"2008","General"
"Aguascalientes",1855,48,1,NA,0,NA,1,NA,7,1912,"2009","General"
"Baja California",54,105,1,3,NA,NA,0,0,41,204,"2009","General"
"Baja California Sur",59,26,12,NA,NA,NA,0,2,NA,99,"2009","General"
"Campeche",45,17,12,12,0,0,0,0,1,87,"2009","General"
"Coahuila",93,84,0,17,0,NA,3,NA,8,205,"2009","General"
"Colima",7745,2245,86,NA,0,NA,0,32,74,10182,"2009","General"
"Chiapas",144,93,71,77,NA,0,0,0,0,385,"2009","General"
"Chihuahua",152,74,11,147,NA,NA,0,NA,21,405,"2009","General"
"Distrito Federal",356,23,60,0,4,0,9,0,8,460,"2009","General"
"Durango",4761,86,6,1038,0,NA,4,NA,1,5896,"2009","General"
"Guanajuato",19874,674,282,2,NA,43,58,NA,5413,26346,"2009","General"
"Guerrero",40967,5820,1281,7,NA,NA,28,56,NA,48159,"2009","General"
"Hidalgo",164,0,0,31,0,0,0,NA,1,196,"2009","General"
"Jalisco",39610,12709,30,4,0,0,16,14,4397,56780,"2009","General"
"Mexico",8886,80,7,4,2,NA,5,NA,276,9260,"2009","General"
"Michoacan",18045,5948,884,8784,NA,NA,70,20,NA,33751,"2009","General"
"Morelos",26291,6043,894,12,NA,NA,175,NA,NA,33415,"2009","General"
"Nayarit",9969,1551,121,3725,66,NA,13,0,40,15485,"2009","General"
"Nuevo Leon",61,198,0,0,NA,0,0,NA,31,290,"2009","General"
"Oaxaca",3403,195,189,1942,0,1,7,26,12,5775,"2009","General"
"Puebla",10514,998,54,4107,0,0,2,NA,44,15719,"2009","General"
"Queretaro",1110,2704,133,0,3,NA,2,NA,66,4018,"2009","General"
"Quintana Roo",90,78,16,NA,NA,NA,1,1,NA,186,"2009","General"
"San Luis Potosi",107,118,11,58,NA,1,1,NA,16,312,"2009","General"
"Sinaloa",3697,2232,204,2157,31,0,4,9,825,9159,"2009","General"
"Sonora",2836,1301,128,1,NA,NA,2,5,210,4483,"2009","General"
"Tabasco",19,17,2,NA,NA,0,1,4,3,46,"2009","General"
"Tamaulipas",173,89,3,33,0,0,0,0,9,307,"2009","General"
"Tlaxcala",48,14,1,0,0,NA,0,NA,0,63,"2009","General"
"Veracruz",118,128,4,39,1,1,2,7,NA,300,"2009","General"
"Yucatan",4,0,5,34,0,NA,0,0,0,43,"2009","General"
"Zacatecas",2644,97,13,983,0,NA,1,NA,0,3738,"2009","General"
"Total",203894,43795,4522,23217,107,46,405,176,11504,287666,"2009","General"
"Aguascalientes",1986,88,0,NA,0,NA,0,NA,5,2079,"2010","General"
"Baja California",41,66,1,0,NA,NA,0,0,8,116,"2010","General"
"Baja California Sur",51,31,1,NA,NA,NA,0,0,NA,83,"2010","General"
"Campeche",39,30,7,6,0,0,0,1,5,88,"2010","General"
"Coahuila",80,162,5,13,0,NA,0,NA,5,265,"2010","General"
"Colima",7611,2900,72,NA,0,NA,2,60,63,10708,"2010","General"
"Chiapas",112,97,56,33,NA,0,0,4,11,313,"2010","General"
"Chihuahua",132,101,10,118,NA,NA,0,NA,36,397,"2010","General"
"Distrito Federal",417,16,79,0,1,0,12,1,16,542,"2010","General"
"Durango",5707,156,8,1078,0,NA,6,NA,10,6965,"2010","General"
"Guanajuato",22429,618,295,0,NA,52,17,NA,5839,29250,"2010","General"
"Guerrero",40593,5680,1330,1,NA,NA,62,52,5,47723,"2010","General"
"Hidalgo",144,0,0,22,0,0,0,NA,4,170,"2010","General"
"Jalisco",37180,9993,129,1,0,0,20,13,4912,52248,"2010","General"
"Mexico",7743,128,16,0,28,NA,2,NA,362,8279,"2010","General"
"Michoacan",16697,6039,966,8107,NA,NA,111,25,NA,31945,"2010","General"
"Morelos",25087,4944,766,2,NA,NA,143,NA,NA,30942,"2010","General"
"Nayarit",8433,1460,165,3541,34,NA,2,2,2,13639,"2010","General"
"Nuevo Leon",48,140,1,0,NA,0,0,NA,5,194,"2010","General"
"Oaxaca",3077,203,224,1967,3,2,7,5,5,5493,"2010","General"
"Puebla",10681,1087,61,4072,0,0,0,NA,48,15949,"2010","General"
"Queretaro",1532,3070,143,0,13,NA,1,NA,78,4837,"2010","General"
"Quintana Roo",58,117,14,NA,NA,NA,1,0,NA,190,"2010","General"
"San Luis Potosi",117,50,3,55,NA,3,0,NA,5,233,"2010","General"
"Sinaloa",3558,1965,194,2403,9,0,5,15,667,8816,"2010","General"
"Sonora",2776,1072,126,0,NA,NA,1,8,259,4242,"2010","General"
"Tabasco",17,31,3,NA,NA,0,0,0,2,53,"2010","General"
"Tamaulipas",161,83,0,26,0,0,0,0,2,272,"2010","General"
"Tlaxcala",52,11,0,0,0,NA,0,NA,0,63,"2010","General"
"Veracruz",107,97,0,31,0,1,0,6,0,242,"2010","General"
"Yucatan",10,2,4,50,0,NA,0,0,4,70,"2010","General"
"Zacatecas",2613,122,11,1001,0,NA,4,NA,3,3754,"2010","General"
"Total",199289,40559,4690,22527,88,58,396,192,12361,280160,"2010","General"
"Aguascalientes",1937,148,2,NA,0,NA,0,NA,1,2088,"2011","General"
"Baja California",41,70,1,13,NA,NA,0,0,4,129,"2011","General"
"Baja California Sur",69,29,8,NA,NA,NA,0,0,NA,106,"2011","General"
"Campeche",48,22,12,5,0,1,0,0,6,94,"2011","General"
"Coahuila",54,140,0,7,0,NA,0,NA,2,203,"2011","General"
"Colima",8577,2979,52,NA,0,NA,0,71,102,11781,"2011","General"
"Chiapas",137,143,49,27,NA,0,0,3,4,363,"2011","General"
"Chihuahua",165,89,5,127,NA,NA,0,NA,65,451,"2011","General"
"Distrito Federal",380,18,63,1,1,1,2,0,47,513,"2011","General"
"Durango",6565,127,11,965,0,NA,0,NA,1,7669,"2011","General"
"Guanajuato",23487,1091,387,0,NA,42,38,NA,5503,30548,"2011","General"
"Guerrero",43995,5794,1372,1,NA,NA,93,29,0,51284,"2011","General"
"Hidalgo",183,2,0,32,0,0,0,NA,2,219,"2011","General"
"Jalisco",37349,8853,141,1,0,0,19,9,5842,52214,"2011","General"
"Mexico",9200,90,12,6,14,NA,1,NA,458,9781,"2011","General"
"Michoacan",15443,6230,701,9675,NA,NA,45,12,NA,32106,"2011","General"
"Morelos",30468,4993,1104,1,NA,NA,45,NA,NA,36611,"2011","General"
"Nayarit",8020,1752,181,3670,9,NA,8,1,4,13645,"2011","General"
"Nuevo Leon",51,142,0,0,NA,0,0,NA,34,227,"2011","General"
"Oaxaca",2939,181,151,2119,0,2,7,4,6,5409,"2011","General"
"Puebla",10412,933,59,3767,0,0,0,NA,68,15239,"2011","General"
"Queretaro",2156,3227,128,0,2,NA,2,NA,88,5603,"2011","General"
"Quintana Roo",82,99,52,NA,NA,NA,0,0,3,236,"2011","General"
"San Luis Potosi",142,52,9,47,NA,3,0,NA,14,267,"2011","General"
"Sinaloa",4041,2212,199,2398,3,1,19,24,624,9521,"2011","General"
"Sonora",3491,1698,160,0,NA,NA,3,6,234,5592,"2011","General"
"Tabasco",27,23,2,NA,NA,0,0,0,14,66,"2011","General"
"Tamaulipas",188,108,0,37,1,1,0,0,2,337,"2011","General"
"Tlaxcala",46,17,0,0,0,NA,0,NA,0,63,"2011","General"
"Veracruz",106,95,3,44,0,0,4,6,0,258,"2011","General"
"Yucatan",2,25,4,28,0,NA,0,0,14,73,"2011","General"
"Zacatecas",2601,100,11,984,0,NA,0,NA,0,3696,"2011","General"
"Total",212402,41482,4879,23955,30,51,286,165,13142,296392,"2011","General"
"Aguascalientes",2159,122,7,NA,0,NA,0,NA,7,2295,"2012","General"
"Baja California",54,66,0,11,NA,NA,0,0,0,131,"2012","General"
"Baja California Sur",113,17,13,NA,NA,NA,0,0,NA,143,"2012","General"
"Campeche",40,28,6,5,0,0,0,0,3,82,"2012","General"
"Coahuila",60,145,1,10,3,NA,4,NA,8,231,"2012","General"
"Colima",8463,3309,36,NA,0,NA,1,177,129,12115,"2012","General"
"Chiapas",143,120,19,41,NA,0,0,2,6,331,"2012","General"
"Chihuahua",206,82,10,163,NA,NA,0,NA,24,485,"2012","General"
"Distrito Federal",311,15,46,2,6,0,6,0,69,455,"2012","General"
"Durango",6773,53,8,1111,0,NA,NA,0,0,7945,"2012","General"
"Guanajuato",25250,7039,485,1,NA,46,57,NA,2612,35490,"2012","General"
"Guerrero",50281,5766,1594,141,NA,NA,130,10,0,57922,"2012","General"
"Hidalgo",217,4,0,25,0,2,0,NA,1,249,"2012","General"
"Jalisco",38270,10255,125,1,0,0,15,4,5186,53856,"2012","General"
"Mexico",10205,96,11,7,11,NA,1,NA,449,10780,"2012","General"
"Michoacan",14899,6844,910,11686,NA,NA,7,29,NA,34375,"2012","General"
"Morelos",28907,2349,1043,0,NA,NA,56,NA,NA,32355,"2012","General"
"Nayarit",8904,2523,231,4237,0,NA,0,2,12,15909,"2012","General"
"Nuevo Leon",72,125,0,0,NA,0,0,NA,42,239,"2012","General"
"Oaxaca",2748,208,170,2258,1,0,3,13,9,5410,"2012","General"
"Puebla",10580,964,91,3633,0,1,0,NA,73,15342,"2012","General"
"Queretaro",2253,3184,117,0,0,NA,0,NA,88,5642,"2012","General"
"Quintana Roo",45,32,27,NA,NA,NA,0,0,3,107,"2012","General"
"San Luis Potosi",187,99,7,103,NA,3,0,NA,7,406,"2012","General"
"Sinaloa",4843,2185,204,2708,7,0,11,20,572,10550,"2012","General"
"Sonora",3570,2145,117,0,NA,NA,2,1,331,6166,"2012","General"
"Tabasco",29,41,1,NA,NA,0,0,0,5,76,"2012","General"
"Tamaulipas",240,165,1,70,31,0,1,4,6,518,"2012","General"
"Tlaxcala",26,30,2,0,0,NA,0,NA,0,58,"2012","General"
"Veracruz",116,108,8,36,0,0,0,0,1,269,"2012","General"
"Yucatan",5,24,0,27,0,NA,0,0,3,59,"2012","General"
"Zacatecas",2497,134,5,931,0,NA,1,NA,0,3568,"2012","General"
"Total",222466,48277,5295,27207,59,52,295,262,9646,313559,"2012","General"
"Aguascalientes",1991,20,7,NA,0,NA,0,NA,4,2022,"2013","General"
"Baja California",53,78,1,16,NA,NA,0,0,4,152,"2013","General"
"Baja California Sur",44,12,5,NA,NA,NA,0,0,NA,61,"2013","General"
"Campeche",34,25,5,6,0,0,0,0,5,75,"2013","General"
"Coahuila",52,161,0,8,0,NA,0,NA,4,225,"2013","General"
"Colima",8452,3047,53,NA,0,NA,9,36,120,11717,"2013","General"
"Chiapas",150,139,24,23,NA,1,0,3,9,349,"2013","General"
"Chihuahua",155,63,8,128,NA,NA,1,NA,42,397,"2013","General"
"Distrito Federal",445,12,58,0,0,0,0,0,43,558,"2013","General"
"Durango",8255,41,1,1315,0,NA,1,0,3,9616,"2013","General"
"Guanajuato",23208,6520,574,0,NA,44,96,NA,2907,33349,"2013","General"
"Guerrero",56624,3332,1512,501,NA,NA,124,13,0,62106,"2013","General"
"Hidalgo",215,2,1,15,0,0,0,NA,4,237,"2013","General"
"Jalisco",38451,10797,153,1,0,0,14,0,4887,54303,"2013","General"
"Mexico",11048,131,17,2,4,NA,4,NA,432,11638,"2013","General"
"Michoacan",17368,6854,919,10368,NA,NA,0,17,NA,35526,"2013","General"
"Morelos",28298,4375,1046,0,NA,NA,49,NA,NA,33768,"2013","General"
"Nayarit",9416,2661,214,4058,5,NA,0,0,0,16354,"2013","General"
"Nuevo Leon",71,94,2,0,NA,0,0,NA,12,179,"2013","General"
"Oaxaca",2964,180,177,2350,0,0,6,17,12,5706,"2013","General"
"Puebla",8456,830,82,4065,0,0,0,NA,65,13498,"2013","General"
"Queretaro",2249,3294,148,0,3,NA,0,NA,59,5753,"2013","General"
"Quintana Roo",71,35,18,NA,NA,NA,0,0,0,124,"2013","General"
"San Luis Potosi",157,101,6,90,NA,1,1,NA,22,378,"2013","General"
"Sinaloa",4444,2230,214,2541,1,0,17,21,735,10203,"2013","General"
"Sonora",3620,1878,106,0,NA,NA,0,12,269,5885,"2013","General"
"Tabasco",12,21,2,NA,NA,1,0,0,4,40,"2013","General"
"Tamaulipas",249,194,0,45,6,1,1,0,4,500,"2013","General"
"Tlaxcala",27,24,1,0,0,NA,0,NA,0,52,"2013","General"
"Veracruz",115,90,4,33,0,1,1,0,0,244,"2013","General"
"Yucatan",5,16,0,21,1,NA,0,0,0,43,"2013","General"
"Zacatecas",2696,144,11,1329,0,NA,8,NA,0,4188,"2013","General"
"Total",229395,47401,5369,26915,20,49,332,119,9646,319246,"2013","General"
"Aguascalientes",787,28,0,0,0,0,0,0,0,815,"2003","Hombres"
"Baja California",7,9,1,0,0,0,1,0,9,27,"2003","Hombres"
"Baja California Sur",26,1,7,0,0,0,5,1,0,40,"2003","Hombres"
"Campeche",7,0,3,3,0,0,1,0,0,14,"2003","Hombres"
"Coahuila",16,10,0,4,2,0,0,0,2,34,"2003","Hombres"
"Colima",3973,1548,54,0,0,0,15,36,1,5627,"2003","Hombres"
"Chiapas",46,4,14,18,0,0,0,0,3,85,"2003","Hombres"
"Chihuahua",60,69,0,59,0,0,0,0,23,211,"2003","Hombres"
"Distrito Federal",102,7,19,0,0,0,1,0,0,129,"2003","Hombres"
"Durango",2314,1,3,481,0,0,5,0,0,2804,"2003","Hombres"
"Guanajuato",5505,2269,125,0,0,0,53,0,3348,11300,"2003","Hombres"
"Guerrero",11274,564,370,0,0,0,65,41,10,12324,"2003","Hombres"
"Hidalgo",90,0,7,20,0,0,0,0,3,120,"2003","Hombres"
"Jalisco",17417,5825,50,0,1,0,32,0,1751,25076,"2003","Hombres"
"Mexico",2669,5,12,0,3,0,2,0,161,2852,"2003","Hombres"
"Michoacan",7146,3002,427,3825,0,0,0,10,0,14410,"2003","Hombres"
"Morelos",10585,4438,796,0,0,0,0,0,0,15819,"2003","Hombres"
"Nayarit",5033,1027,42,2182,9,0,123,1,0,8417,"2003","Hombres"
"Nuevo Leon",8,60,0,0,0,0,0,0,155,223,"2003","Hombres"
"Oaxaca",1059,80,45,680,0,0,14,2,2,1882,"2003","Hombres"
"Puebla",5179,647,45,1704,0,0,2,0,17,7594,"2003","Hombres"
"Queretaro",536,1554,6,0,0,0,0,0,22,2118,"2003","Hombres"
"Quintana Roo",21,12,3,0,0,0,0,0,0,36,"2003","Hombres"
"San Luis Potosi",50,53,0,15,0,1,1,0,0,120,"2003","Hombres"
"Sinaloa",1446,705,77,821,19,2,7,9,278,3364,"2003","Hombres"
"Sonora",3773,680,12,0,0,0,3,0,243,4711,"2003","Hombres"
"Tabasco",6,0,0,0,0,0,3,0,7,16,"2003","Hombres"
"Tamaulipas",165,8,7,11,0,2,9,0,27,229,"2003","Hombres"
"Tlaxcala",15,2,0,0,0,0,0,0,0,17,"2003","Hombres"
"Veracruz",65,18,0,14,0,0,5,2,0,104,"2003","Hombres"
"Yucatan",12,0,1,9,1,0,0,0,0,23,"2003","Hombres"
"Zacatecas",1042,93,5,342,0,0,0,0,0,1482,"2003","Hombres"
"Total",80434,22719,2131,10188,35,5,347,102,6062,122023,"2003","Hombres"
"Aguascalientes",2089,7,3,0,0,0,0,0,0,2099,"2004","Hombres"
"Baja California",13,27,0,1,0,0,0,0,0,41,"2004","Hombres"
"Baja California Sur",38,0,3,0,0,0,1,0,0,42,"2004","Hombres"
"Campeche",3,2,4,2,0,0,0,0,1,12,"2004","Hombres"
"Coahuila",20,18,2,7,0,0,0,0,23,70,"2004","Hombres"
"Colima",3888,1654,57,0,0,0,5,55,62,5721,"2004","Hombres"
"Chiapas",69,4,15,20,0,0,18,0,1,127,"2004","Hombres"
"Chihuahua",68,41,0,60,0,0,0,0,17,186,"2004","Hombres"
"Distrito Federal",121,6,29,0,0,0,0,2,0,158,"2004","Hombres"
"Durango",2235,8,6,422,0,0,1,0,0,2672,"2004","Hombres"
"Guanajuato",5312,2715,135,0,0,0,39,0,2649,10850,"2004","Hombres"
"Guerrero",13209,946,394,0,0,0,125,39,3,14716,"2004","Hombres"
"Hidalgo",100,0,0,14,0,0,0,0,1,115,"2004","Hombres"
"Jalisco",16182,6475,62,0,2,10,148,0,1630,24509,"2004","Hombres"
"Mexico",2569,10,8,0,2,0,0,0,133,2722,"2004","Hombres"
"Michoacan",6957,1373,327,3288,0,0,0,12,0,11957,"2004","Hombres"
"Morelos",9667,3301,537,0,0,0,0,0,0,13505,"2004","Hombres"
"Nayarit",5003,1014,33,1991,4,0,124,0,36,8205,"2004","Hombres"
"Nuevo Leon",24,37,0,0,0,0,0,0,34,95,"2004","Hombres"
"Oaxaca",1023,45,39,568,0,3,4,9,0,1691,"2004","Hombres"
"Puebla",4728,581,53,1641,0,0,1,0,39,7043,"2004","Hombres"
"Queretaro",464,1386,17,0,0,0,0,0,21,1888,"2004","Hombres"
"Quintana Roo",19,21,5,0,0,0,0,0,0,45,"2004","Hombres"
"San Luis Potosi",33,71,0,29,0,1,0,0,3,137,"2004","Hombres"
"Sinaloa",1609,696,58,1089,17,0,16,9,361,3855,"2004","Hombres"
"Sonora",1639,576,28,0,0,0,12,0,82,2337,"2004","Hombres"
"Tabasco",11,0,0,0,0,0,0,0,0,11,"2004","Hombres"
"Tamaulipas",65,6,0,13,0,1,6,0,20,111,"2004","Hombres"
"Tlaxcala",14,5,0,0,0,0,0,0,0,19,"2004","Hombres"
"Veracruz",42,26,0,10,0,0,1,1,0,80,"2004","Hombres"
"Yucatan",4,0,0,2,0,0,0,2,0,8,"2004","Hombres"
"Zacatecas",920,86,5,272,0,0,0,0,0,1283,"2004","Hombres"
"Total",78138,21137,1820,9429,25,15,501,129,5116,116310,"2004","Hombres"
"Aguascalientes",845,7,0,0,0,0,0,0,1,853,"2005","Hombres"
"Baja California",24,22,1,0,0,0,0,0,24,71,"2005","Hombres"
"Baja California Sur",46,0,9,0,0,0,0,1,0,56,"2005","Hombres"
"Campeche",3,0,3,4,0,0,0,0,2,12,"2005","Hombres"
"Coahuila",20,25,1,4,0,0,0,0,21,71,"2005","Hombres"
"Colima",3846,1176,44,0,0,0,14,32,106,5218,"2005","Hombres"
"Chiapas",78,0,11,28,0,0,7,0,4,128,"2005","Hombres"
"Chihuahua",66,27,0,40,0,0,5,0,5,143,"2005","Hombres"
"Distrito Federal",140,3,20,0,0,0,4,0,3,170,"2005","Hombres"
"Durango",2465,1,5,317,0,0,1,0,0,2789,"2005","Hombres"
"Guanajuato",5631,3183,144,2,0,1,24,0,3141,12126,"2005","Hombres"
"Guerrero",14027,1924,505,2,0,0,15,33,0,16506,"2005","Hombres"
"Hidalgo",87,0,0,10,0,0,0,0,2,99,"2005","Hombres"
"Jalisco",17596,5894,105,0,0,0,49,0,1427,25071,"2005","Hombres"
"Mexico",2638,2,7,0,3,0,3,0,177,2830,"2005","Hombres"
"Michoacan",7751,1815,335,3481,0,0,39,22,0,13443,"2005","Hombres"
"Morelos",11578,3631,542,7,0,0,6,0,0,15764,"2005","Hombres"
"Nayarit",4548,923,35,1771,2,0,102,0,16,7397,"2005","Hombres"
"Nuevo Leon",15,12,0,0,0,0,0,0,38,65,"2005","Hombres"
"Oaxaca",1314,42,26,628,2,0,12,6,0,2030,"2005","Hombres"
"Puebla",5506,644,51,1638,0,1,0,0,20,7860,"2005","Hombres"
"Queretaro",557,1147,41,0,0,0,0,0,37,1782,"2005","Hombres"
"Quintana Roo",36,19,13,0,0,0,0,0,0,68,"2005","Hombres"
"San Luis Potosi",45,54,0,26,0,3,1,0,2,131,"2005","Hombres"
"Sinaloa",1287,605,39,649,17,0,40,12,356,3005,"2005","Hombres"
"Sonora",1621,499,50,0,0,0,12,0,73,2255,"2005","Hombres"
"Tabasco",9,2,0,0,0,0,0,0,12,23,"2005","Hombres"
"Tamaulipas",55,24,1,8,25,1,1,0,10,125,"2005","Hombres"
"Tlaxcala",12,8,0,0,0,0,0,0,0,20,"2005","Hombres"
"Veracruz",38,32,0,5,0,0,1,0,0,76,"2005","Hombres"
"Yucatan",11,2,1,15,0,0,0,0,0,29,"2005","Hombres"
"Zacatecas",1172,30,4,282,0,0,0,0,0,1488,"2005","Hombres"
"Total",83067,21753,1993,8917,49,6,336,106,5477,121704,"2005","Hombres"
"Aguascalientes",996,9,0,0,0,0,0,0,0,1005,"2006","Hombres"
"Baja California",16,14,2,0,0,0,1,0,14,47,"2006","Hombres"
"Baja California Sur",52,0,8,0,0,0,0,0,0,60,"2006","Hombres"
"Campeche",2,1,2,0,0,0,0,0,2,7,"2006","Hombres"
"Coahuila",28,28,2,2,0,0,0,0,4,64,"2006","Hombres"
"Colima",4125,1257,41,0,0,0,3,41,28,5495,"2006","Hombres"
"Chiapas",55,8,9,17,0,0,7,0,0,96,"2006","Hombres"
"Chihuahua",79,10,7,58,0,0,0,0,11,165,"2006","Hombres"
"Distrito Federal",136,15,26,0,3,0,2,2,13,197,"2006","Hombres"
"Durango",2542,4,6,388,0,0,2,0,0,2942,"2006","Hombres"
"Guanajuato",6657,4376,171,0,0,13,24,0,3569,14810,"2006","Hombres"
"Guerrero",17250,2996,511,8,0,0,44,45,16,20870,"2006","Hombres"
"Hidalgo",111,0,0,6,0,0,0,0,2,119,"2006","Hombres"
"Jalisco",20646,7516,112,2,0,0,74,0,1844,30194,"2006","Hombres"
"Mexico",3119,6,8,6,1,0,0,0,179,3319,"2006","Hombres"
"Michoacan",9081,2249,334,4080,0,0,24,13,0,15781,"2006","Hombres"
"Morelos",12485,3039,518,8,0,0,14,0,0,16064,"2006","Hombres"
"Nayarit",4936,869,29,1877,2,0,52,0,21,7786,"2006","Hombres"
"Nuevo Leon",25,22,2,0,0,0,0,0,26,75,"2006","Hombres"
"Oaxaca",1293,27,54,768,1,0,7,1,1,2152,"2006","Hombres"
"Puebla",5734,463,49,1965,0,0,4,0,34,8249,"2006","Hombres"
"Queretaro",645,1202,51,0,7,0,0,0,34,1939,"2006","Hombres"
"Quintana Roo",28,31,7,0,0,0,0,0,0,66,"2006","Hombres"
"San Luis Potosi",53,71,4,35,0,0,0,0,1,164,"2006","Hombres"
"Sinaloa",1482,603,66,814,1,0,16,18,402,3402,"2006","Hombres"
"Sonora",1324,469,35,0,0,0,4,0,63,1895,"2006","Hombres"
"Tabasco",5,3,0,0,0,0,0,0,0,8,"2006","Hombres"
"Tamaulipas",86,30,4,16,0,2,2,0,2,142,"2006","Hombres"
"Tlaxcala",12,4,0,0,0,0,0,0,0,16,"2006","Hombres"
"Veracruz",58,22,1,16,0,0,0,0,0,97,"2006","Hombres"
"Yucatan",6,4,3,12,0,0,0,0,1,26,"2006","Hombres"
"Zacatecas",1483,36,7,367,0,0,1,0,0,1894,"2006","Hombres"
"Total",94550,25384,2069,10445,15,15,281,120,6267,139146,"2006","Hombres"
"Aguascalientes",930,9,1,NA,0,NA,0,NA,0,940,"2007","Hombres"
"Baja California",16,27,0,2,NA,NA,0,0,20,65,"2007","Hombres"
"Baja California Sur",46,4,6,NA,NA,NA,0,1,NA,57,"2007","Hombres"
"Campeche",8,2,0,2,0,0,1,0,1,14,"2007","Hombres"
"Coahuila",23,40,2,8,0,NA,1,NA,4,78,"2007","Hombres"
"Colima",3962,1263,47,NA,0,NA,4,30,29,5335,"2007","Hombres"
"Chiapas",61,15,14,27,NA,0,1,18,7,143,"2007","Hombres"
"Chihuahua",76,44,1,66,NA,NA,0,NA,4,191,"2007","Hombres"
"Distrito Federal",142,13,30,0,2,0,7,0,8,202,"2007","Hombres"
"Durango",2616,89,2,439,0,NA,5,NA,0,3151,"2007","Hombres"
"Guanajuato",6314,4559,106,1,NA,15,21,NA,3824,14840,"2007","Hombres"
"Guerrero",15737,2821,369,0,NA,NA,79,9,0,19015,"2007","Hombres"
"Hidalgo",44,0,1,9,0,0,0,NA,1,55,"2007","Hombres"
"Jalisco",19655,5546,81,0,0,0,56,3,2507,27848,"2007","Hombres"
"Mexico",2990,21,2,1,1,NA,1,NA,150,3166,"2007","Hombres"
"Michoacan",8543,1276,355,3457,NA,NA,21,9,NA,13661,"2007","Hombres"
"Morelos",12342,3367,636,11,NA,NA,47,NA,NA,16403,"2007","Hombres"
"Nayarit",5557,937,76,2066,4,NA,56,0,20,8716,"2007","Hombres"
"Nuevo Leon",26,43,0,0,0,0,0,NA,11,80,"2007","Hombres"
"Oaxaca",1401,74,72,738,0,3,4,9,2,2303,"2007","Hombres"
"Puebla",4350,486,60,2031,0,0,1,NA,32,6960,"2007","Hombres"
"Queretaro",556,1092,45,0,1,NA,NA,NA,45,1739,"2007","Hombres"
"Quintana Roo",22,21,6,NA,NA,NA,1,1,NA,51,"2007","Hombres"
"San Luis Potosi",53,38,3,34,NA,0,0,NA,3,131,"2007","Hombres"
"Sinaloa",1545,590,61,1042,1,1,15,7,357,3619,"2007","Hombres"
"Sonora",1485,414,31,0,NA,NA,9,5,83,2027,"2007","Hombres"
"Tabasco",10,5,1,NA,NA,0,2,0,2,20,"2007","Hombres"
"Tamaulipas",82,31,8,9,0,1,2,1,0,134,"2007","Hombres"
"Tlaxcala",16,10,0,0,0,NA,0,NA,0,26,"2007","Hombres"
"Veracruz",72,59,2,25,0,0,1,0,NA,159,"2007","Hombres"
"Yucatan",5,9,0,9,0,NA,0,1,0,24,"2007","Hombres"
"Zacatecas",1393,41,4,474,0,NA,9,NA,1,1922,"2007","Hombres"
"Total",90078,22946,2022,10451,9,20,344,94,7111,133075,"2007","Hombres"
"Aguascalientes",990,10,0,NA,0,NA,0,NA,0,1000,"2008","Hombres"
"Baja California",11,32,0,1,NA,NA,0,0,25,69,"2008","Hombres"
"Baja California Sur",34,11,7,NA,NA,NA,1,1,NA,54,"2008","Hombres"
"Campeche",47,8,7,1,0,0,0,0,1,64,"2008","Hombres"
"Coahuila",33,33,1,2,0,NA,0,NA,8,77,"2008","Hombres"
"Colima",4136,1285,43,NA,0,NA,5,49,70,5588,"2008","Hombres"
"Chiapas",97,25,13,26,NA,0,0,5,3,169,"2008","Hombres"
"Chihuahua",67,45,4,64,NA,NA,0,NA,9,189,"2008","Hombres"
"Distrito Federal",162,17,19,0,0,0,5,0,9,212,"2008","Hombres"
"Durango",2479,51,1,483,0,NA,2,NA,4,3020,"2008","Hombres"
"Guanajuato",7100,2917,166,1,NA,17,22,NA,3188,13411,"2008","Hombres"
"Guerrero",16926,2148,529,2,NA,NA,30,8,NA,19643,"2008","Hombres"
"Hidalgo",94,0,0,6,0,0,0,NA,3,103,"2008","Hombres"
"Jalisco",19582,5268,57,2,0,0,13,2,2356,27280,"2008","Hombres"
"Mexico",3755,25,4,1,1,NA,2,NA,167,3955,"2008","Hombres"
"Michoacan",8141,2615,390,3660,NA,NA,23,1,NA,14830,"2008","Hombres"
"Morelos",11946,2858,500,7,NA,NA,73,NA,NA,15384,"2008","Hombres"
"Nayarit",5242,776,74,2106,19,NA,17,0,14,8248,"2008","Hombres"
"Nuevo Leon",26,55,0,0,NA,0,0,NA,18,99,"2008","Hombres"
"Oaxaca",1588,46,67,784,3,3,5,13,7,2516,"2008","Hombres"
"Puebla",4902,440,40,1836,0,0,1,NA,15,7234,"2008","Hombres"
"Queretaro",550,1241,31,0,1,NA,0,NA,36,1859,"2008","Hombres"
"Quintana Roo",12,17,2,NA,NA,NA,0,0,NA,31,"2008","Hombres"
"San Luis Potosi",36,47,1,26,NA,0,0,NA,4,114,"2008","Hombres"
"Sinaloa",1727,629,73,1013,4,1,19,7,352,3825,"2008","Hombres"
"Sonora",1128,401,22,0,NA,NA,4,0,101,1656,"2008","Hombres"
"Tabasco",8,11,0,NA,NA,0,1,0,0,20,"2008","Hombres"
"Tamaulipas",58,39,5,9,1,2,0,0,11,125,"2008","Hombres"
"Tlaxcala",18,3,0,0,0,NA,0,NA,0,21,"2008","Hombres"
"Veracruz",53,27,2,11,0,0,0,0,NA,93,"2008","Hombres"
"Yucatan",1,16,0,12,0,NA,0,0,0,29,"2008","Hombres"
"Zacatecas",1375,45,5,514,0,NA,22,NA,1,1962,"2008","Hombres"
"Total",92324,21141,2063,10567,29,23,245,86,6402,132880,"2008","Hombres"
"Aguascalientes",908,27,1,NA,0,NA,1,NA,2,939,"2009","Hombres"
"Baja California",17,56,0,1,NA,NA,0,0,22,96,"2009","Hombres"
"Baja California Sur",31,12,7,NA,NA,NA,0,2,NA,52,"2009","Hombres"
"Campeche",16,6,4,6,0,0,0,0,0,32,"2009","Hombres"
"Coahuila",37,35,0,8,0,NA,2,NA,4,86,"2009","Hombres"
"Colima",4242,1167,39,NA,0,NA,0,14,35,5497,"2009","Hombres"
"Chiapas",52,36,24,33,NA,0,0,0,0,145,"2009","Hombres"
"Chihuahua",65,35,7,70,NA,NA,0,NA,9,186,"2009","Hombres"
"Distrito Federal",171,8,23,0,3,0,6,0,3,214,"2009","Hombres"
"Durango",2225,49,1,511,0,NA,4,NA,0,2790,"2009","Hombres"
"Guanajuato",8996,314,111,1,NA,27,26,NA,2702,12177,"2009","Hombres"
"Guerrero",20987,2705,579,1,NA,NA,11,31,NA,24314,"2009","Hombres"
"Hidalgo",69,0,0,11,0,0,0,NA,0,80,"2009","Hombres"
"Jalisco",20678,6396,14,1,0,0,10,9,2197,29305,"2009","Hombres"
"Mexico",4455,36,0,2,1,NA,4,NA,133,4631,"2009","Hombres"
"Michoacan",9022,2921,422,4428,NA,NA,39,9,NA,16841,"2009","Hombres"
"Morelos",13488,3059,367,7,NA,NA,100,NA,NA,17021,"2009","Hombres"
"Nayarit",5258,917,49,2197,35,NA,9,0,25,8490,"2009","Hombres"
"Nuevo Leon",23,84,0,0,NA,0,0,NA,12,119,"2009","Hombres"
"Oaxaca",1450,79,66,839,0,1,4,12,6,2457,"2009","Hombres"
"Puebla",4983,464,21,1939,0,0,1,NA,22,7430,"2009","Hombres"
"Queretaro",530,1294,69,0,1,NA,1,NA,27,1922,"2009","Hombres"
"Quintana Roo",39,32,6,NA,NA,NA,1,0,NA,78,"2009","Hombres"
"San Luis Potosi",53,54,3,23,NA,1,0,NA,8,142,"2009","Hombres"
"Sinaloa",1681,951,62,1065,18,0,2,3,421,4203,"2009","Hombres"
"Sonora",1148,544,46,0,NA,NA,1,3,94,1836,"2009","Hombres"
"Tabasco",7,7,1,NA,NA,0,1,4,2,22,"2009","Hombres"
"Tamaulipas",58,38,2,15,0,0,0,0,4,117,"2009","Hombres"
"Tlaxcala",22,5,1,0,0,NA,0,NA,0,28,"2009","Hombres"
"Veracruz",54,60,1,17,1,0,2,3,NA,138,"2009","Hombres"
"Yucatan",0,0,2,14,0,NA,0,0,0,16,"2009","Hombres"
"Zacatecas",1323,43,4,451,0,NA,1,NA,0,1822,"2009","Hombres"
"Total",102088,21434,1932,11640,59,29,226,90,5728,143226,"2009","Hombres"
"Aguascalientes",978,46,0,NA,0,NA,0,NA,2,1026,"2010","Hombres"
"Baja California",19,38,0,0,NA,NA,0,0,5,62,"2010","Hombres"
"Baja California Sur",20,11,1,NA,NA,NA,0,0,NA,32,"2010","Hombres"
"Campeche",14,10,2,2,0,0,0,1,3,32,"2010","Hombres"
"Coahuila",35,64,1,6,0,NA,0,NA,2,108,"2010","Hombres"
"Colima",4255,1574,38,NA,0,NA,2,27,32,5928,"2010","Hombres"
"Chiapas",46,38,25,15,NA,0,0,3,4,131,"2010","Hombres"
"Chihuahua",49,46,5,59,NA,NA,0,NA,25,184,"2010","Hombres"
"Distrito Federal",185,6,31,0,1,0,5,0,6,234,"2010","Hombres"
"Durango",2820,84,4,535,0,NA,2,NA,3,3448,"2010","Hombres"
"Guanajuato",9881,260,122,0,NA,26,8,NA,2930,13227,"2010","Hombres"
"Guerrero",20150,2617,602,0,NA,NA,36,21,1,23427,"2010","Hombres"
"Hidalgo",60,0,0,6,0,0,0,NA,2,68,"2010","Hombres"
"Jalisco",19355,4778,54,1,0,0,13,8,2372,26581,"2010","Hombres"
"Mexico",3693,57,7,0,12,NA,2,NA,193,3964,"2010","Hombres"
"Michoacan",8203,2960,474,4122,NA,NA,64,11,NA,15834,"2010","Hombres"
"Morelos",12413,2421,316,2,NA,NA,68,NA,NA,15220,"2010","Hombres"
"Nayarit",4490,833,75,2069,11,NA,1,2,2,7483,"2010","Hombres"
"Nuevo Leon",21,56,0,0,NA,0,0,NA,1,78,"2010","Hombres"
"Oaxaca",1326,86,106,841,2,2,4,1,3,2371,"2010","Hombres"
"Puebla",4994,489,25,1902,0,0,0,NA,22,7432,"2010","Hombres"
"Queretaro",713,1393,47,0,5,NA,1,NA,35,2194,"2010","Hombres"
"Quintana Roo",27,43,2,NA,NA,NA,1,0,NA,73,"2010","Hombres"
"San Luis Potosi",38,21,1,20,NA,1,0,NA,3,84,"2010","Hombres"
"Sinaloa",1618,794,75,1183,4,0,5,6,304,3989,"2010","Hombres"
"Sonora",1145,408,52,0,NA,NA,0,3,106,1714,"2010","Hombres"
"Tabasco",4,9,2,NA,NA,0,0,0,1,16,"2010","Hombres"
"Tamaulipas",57,36,0,9,0,0,0,0,1,103,"2010","Hombres"
"Tlaxcala",24,4,0,0,0,NA,0,NA,0,28,"2010","Hombres"
"Veracruz",47,44,0,14,0,1,0,1,0,107,"2010","Hombres"
"Yucatan",4,0,2,21,0,NA,0,0,2,29,"2010","Hombres"
"Zacatecas",1219,65,9,509,0,NA,4,NA,0,1806,"2010","Hombres"
"Total",97903,19291,2078,11316,35,30,216,84,6060,137013,"2010","Hombres"
"Aguascalientes",897,84,1,NA,0,NA,0,NA,1,983,"2011","Hombres"
"Baja California",22,34,0,4,NA,NA,0,0,2,62,"2011","Hombres"
"Baja California Sur",22,11,4,NA,NA,NA,0,0,NA,37,"2011","Hombres"
"Campeche",19,10,1,2,0,1,0,0,2,35,"2011","Hombres"
"Coahuila",22,67,0,3,0,NA,0,NA,2,94,"2011","Hombres"
"Colima",4869,1523,24,NA,0,NA,0,35,65,6516,"2011","Hombres"
"Chiapas",60,55,24,13,NA,0,0,1,2,155,"2011","Hombres"
"Chihuahua",70,31,2,53,NA,NA,0,NA,29,185,"2011","Hombres"
"Distrito Federal",165,6,31,0,0,0,1,0,19,222,"2011","Hombres"
"Durango",3092,57,7,480,0,NA,0,NA,0,3636,"2011","Hombres"
"Guanajuato",10407,503,163,0,NA,18,13,NA,2901,14005,"2011","Hombres"
"Guerrero",22001,2576,590,0,NA,NA,41,10,0,25218,"2011","Hombres"
"Hidalgo",69,0,0,9,0,0,0,NA,2,80,"2011","Hombres"
"Jalisco",19194,4312,71,0,0,0,14,2,2833,26426,"2011","Hombres"
"Mexico",4468,45,6,4,5,NA,1,NA,223,4752,"2011","Hombres"
"Michoacan",7552,3085,326,4932,NA,NA,19,7,NA,15921,"2011","Hombres"
"Morelos",15318,2416,473,0,NA,NA,15,NA,NA,18222,"2011","Hombres"
"Nayarit",4164,952,65,2168,7,NA,3,0,3,7362,"2011","Hombres"
"Nuevo Leon",19,68,0,0,NA,0,0,NA,17,104,"2011","Hombres"
"Oaxaca",1294,76,62,930,0,2,5,1,2,2372,"2011","Hombres"
"Puebla",4930,424,32,1781,0,0,0,NA,33,7200,"2011","Hombres"
"Queretaro",957,1497,53,0,1,NA,1,NA,42,2551,"2011","Hombres"
"Quintana Roo",32,45,24,NA,NA,NA,0,0,0,101,"2011","Hombres"
"San Luis Potosi",64,30,4,15,NA,1,0,NA,5,119,"2011","Hombres"
"Sinaloa",1782,919,82,1119,3,1,12,12,308,4238,"2011","Hombres"
"Sonora",1348,658,50,0,NA,NA,0,4,112,2172,"2011","Hombres"
"Tabasco",12,9,1,NA,NA,0,0,0,7,29,"2011","Hombres"
"Tamaulipas",74,45,0,12,1,0,0,0,0,132,"2011","Hombres"
"Tlaxcala",16,9,0,0,0,NA,0,NA,0,25,"2011","Hombres"
"Veracruz",36,52,1,15,0,0,0,1,0,105,"2011","Hombres"
"Yucatan",1,9,0,12,0,NA,0,0,6,28,"2011","Hombres"
"Zacatecas",1276,57,8,478,0,NA,0,NA,0,1819,"2011","Hombres"
"Total",104252,19665,2105,12030,17,23,125,73,6616,144906,"2011","Hombres"
"Aguascalientes",1016,76,6,NA,0,NA,0,NA,5,1103,"2012","Hombres"
"Baja California",26,28,0,8,NA,NA,0,0,0,62,"2012","Hombres"
"Baja California Sur",38,9,7,NA,NA,NA,0,0,NA,54,"2012","Hombres"
"Campeche",14,10,4,1,0,0,0,0,1,30,"2012","Hombres"
"Coahuila",21,66,1,6,1,NA,2,NA,5,102,"2012","Hombres"
"Colima",4869,1827,20,NA,0,NA,1,23,62,6802,"2012","Hombres"
"Chiapas",62,54,9,15,NA,0,0,2,2,144,"2012","Hombres"
"Chihuahua",88,33,3,75,NA,NA,0,NA,10,209,"2012","Hombres"
"Distrito Federal",151,3,17,1,4,0,0,0,32,208,"2012","Hombres"
"Durango",3275,28,4,529,0,NA,NA,0,0,3836,"2012","Hombres"
"Guanajuato",11258,3198,202,0,NA,29,21,NA,1272,15980,"2012","Hombres"
"Guerrero",25470,2621,689,79,NA,NA,58,3,0,28920,"2012","Hombres"
"Hidalgo",86,1,0,13,0,0,0,NA,1,101,"2012","Hombres"
"Jalisco",19648,4893,62,0,0,0,8,1,2487,27099,"2012","Hombres"
"Mexico",4833,41,9,3,4,NA,1,NA,204,5095,"2012","Hombres"
"Michoacan",7221,3297,431,5804,NA,NA,4,15,NA,16772,"2012","Hombres"
"Morelos",14412,1149,457,0,NA,NA,24,NA,NA,16042,"2012","Hombres"
"Nayarit",4667,1364,109,2480,0,NA,0,1,7,8628,"2012","Hombres"
"Nuevo Leon",32,49,0,0,NA,0,0,NA,19,100,"2012","Hombres"
"Oaxaca",1204,74,71,959,0,0,2,5,3,2318,"2012","Hombres"
"Puebla",5014,459,29,1742,0,1,0,NA,29,7274,"2012","Hombres"
"Queretaro",1038,1555,40,0,0,NA,0,NA,38,2671,"2012","Hombres"
"Quintana Roo",20,15,10,NA,NA,NA,0,0,0,45,"2012","Hombres"
"San Luis Potosi",84,39,2,41,NA,0,0,NA,3,169,"2012","Hombres"
"Sinaloa",2226,936,78,1307,3,0,8,8,268,4834,"2012","Hombres"
"Sonora",1415,841,51,0,NA,NA,0,0,135,2442,"2012","Hombres"
"Tabasco",8,16,0,NA,NA,0,0,0,2,26,"2012","Hombres"
"Tamaulipas",86,61,0,28,15,0,1,4,0,195,"2012","Hombres"
"Tlaxcala",8,12,2,0,0,NA,0,NA,0,22,"2012","Hombres"
"Veracruz",41,50,4,14,0,0,0,0,1,110,"2012","Hombres"
"Yucatan",2,10,0,11,0,NA,0,0,0,23,"2012","Hombres"
"Zacatecas",1204,53,2,432,0,NA,1,NA,0,1692,"2012","Hombres"
"Total",109537,22868,2319,13548,27,30,131,62,4586,153108,"2012","Hombres"
"Aguascalientes",967,11,3,NA,0,NA,0,NA,1,982,"2013","Hombres"
"Baja California",22,33,1,4,NA,NA,0,0,3,63,"2013","Hombres"
"Baja California Sur",16,5,3,NA,NA,NA,0,0,NA,24,"2013","Hombres"
"Campeche",9,14,1,3,0,0,0,0,2,29,"2013","Hombres"
"Coahuila",21,72,0,5,0,NA,0,NA,2,100,"2013","Hombres"
"Colima",4764,1679,32,NA,0,NA,9,18,71,6573,"2013","Hombres"
"Chiapas",64,47,8,13,NA,1,0,0,3,136,"2013","Hombres"
"Chihuahua",60,30,5,65,NA,NA,1,NA,20,181,"2013","Hombres"
"Distrito Federal",217,8,19,0,0,0,0,0,17,261,"2013","Hombres"
"Durango",3974,18,0,664,0,NA,0,0,2,4658,"2013","Hombres"
"Guanajuato",10179,2959,224,0,NA,24,49,NA,1610,15045,"2013","Hombres"
"Guerrero",29105,1405,656,254,NA,NA,54,5,0,31479,"2013","Hombres"
"Hidalgo",88,0,0,7,0,0,0,NA,0,95,"2013","Hombres"
"Jalisco",19814,5350,83,0,0,0,11,0,2276,27534,"2013","Hombres"
"Mexico",5318,56,8,2,2,NA,2,NA,192,5580,"2013","Hombres"
"Michoacan",8400,3195,405,5279,NA,NA,0,10,NA,17289,"2013","Hombres"
"Morelos",14520,2177,488,0,NA,NA,21,NA,NA,17206,"2013","Hombres"
"Nayarit",4874,1409,91,2427,3,NA,0,0,0,8804,"2013","Hombres"
"Nuevo Leon",24,36,0,0,NA,0,0,NA,8,68,"2013","Hombres"
"Oaxaca",1282,57,73,1045,0,0,3,9,3,2472,"2013","Hombres"
"Puebla",4052,389,31,1992,0,0,0,NA,31,6495,"2013","Hombres"
"Queretaro",1007,1516,66,0,1,NA,0,NA,26,2616,"2013","Hombres"
"Quintana Roo",28,13,8,NA,NA,NA,0,0,0,49,"2013","Hombres"
"San Luis Potosi",59,44,1,30,NA,0,0,NA,7,141,"2013","Hombres"
"Sinaloa",1900,898,72,1170,1,0,5,6,393,4445,"2013","Hombres"
"Sonora",1503,701,33,0,NA,NA,0,7,116,2360,"2013","Hombres"
"Tabasco",5,9,1,NA,NA,0,0,0,3,18,"2013","Hombres"
"Tamaulipas",97,83,0,16,3,1,1,0,0,201,"2013","Hombres"
"Tlaxcala",10,12,1,0,0,NA,0,NA,0,23,"2013","Hombres"
"Veracruz",56,40,2,9,0,0,0,0,0,107,"2013","Hombres"
"Yucatan",1,7,0,7,0,NA,0,0,0,15,"2013","Hombres"
"Zacatecas",1317,67,5,673,0,NA,6,NA,0,2068,"2013","Hombres"
"Total",113753,22340,2320,13665,10,26,162,55,4786,157117,"2013","Hombres"
"Aguascalientes",654,20,1,0,0,0,0,0,0,675,"2003","Mujeres"
"Baja California",9,21,1,0,0,0,0,0,11,42,"2003","Mujeres"
"Baja California Sur",30,3,6,0,0,0,0,0,0,39,"2003","Mujeres"
"Campeche",20,1,2,11,0,0,0,0,0,34,"2003","Mujeres"
"Coahuila",17,27,0,4,0,0,0,0,1,49,"2003","Mujeres"
"Colima",3196,1341,55,0,0,0,4,48,0,4644,"2003","Mujeres"
"Chiapas",64,2,18,24,0,0,0,0,2,110,"2003","Mujeres"
"Chihuahua",77,85,0,66,0,0,0,0,27,255,"2003","Mujeres"
"Distrito Federal",99,10,28,0,0,1,0,1,0,139,"2003","Mujeres"
"Durango",2238,4,15,447,0,0,4,0,0,2708,"2003","Mujeres"
"Guanajuato",6611,2386,133,0,0,0,45,0,3598,12773,"2003","Mujeres"
"Guerrero",10770,662,376,0,0,0,32,38,2,11880,"2003","Mujeres"
"Hidalgo",120,0,10,22,0,3,0,0,1,156,"2003","Mujeres"
"Jalisco",16139,5679,57,0,0,0,16,0,1486,23377,"2003","Mujeres"
"Mexico",2633,14,14,0,4,0,0,0,148,2813,"2003","Mujeres"
"Michoacan",7106,3017,515,3532,0,0,0,8,0,14178,"2003","Mujeres"
"Morelos",9564,4539,819,0,0,0,0,0,0,14922,"2003","Mujeres"
"Nayarit",4220,799,37,1573,3,0,2,1,0,6635,"2003","Mujeres"
"Nuevo Leon",22,64,0,0,0,0,1,0,156,243,"2003","Mujeres"
"Oaxaca",1388,94,70,803,0,0,9,6,4,2374,"2003","Mujeres"
"Puebla",5271,690,76,1823,0,0,3,0,24,7887,"2003","Mujeres"
"Queretaro",528,1712,6,0,0,0,0,0,13,2259,"2003","Mujeres"
"Quintana Roo",28,25,1,0,0,0,0,0,0,54,"2003","Mujeres"
"San Luis Potosi",60,59,1,18,0,0,0,0,0,138,"2003","Mujeres"
"Sinaloa",1793,966,132,962,13,0,9,10,276,4161,"2003","Mujeres"
"Sonora",5287,1028,18,0,0,0,4,0,339,6676,"2003","Mujeres"
"Tabasco",21,1,0,0,0,0,3,0,3,28,"2003","Mujeres"
"Tamaulipas",96,10,6,16,0,6,1,1,158,294,"2003","Mujeres"
"Tlaxcala",12,2,0,0,0,0,0,0,0,14,"2003","Mujeres"
"Veracruz",80,34,2,22,0,0,5,2,0,145,"2003","Mujeres"
"Yucatan",27,1,0,13,0,0,0,0,0,41,"2003","Mujeres"
"Zacatecas",1008,81,5,323,0,0,0,0,0,1417,"2003","Mujeres"
"Total",79188,23377,2404,9659,20,10,138,115,6249,121160,"2003","Mujeres"
"Aguascalientes",683,20,0,0,0,0,0,0,0,703,"2004","Mujeres"
"Baja California",14,29,4,1,0,0,0,0,2,50,"2004","Mujeres"
"Baja California Sur",38,0,10,0,0,0,0,0,0,48,"2004","Mujeres"
"Campeche",13,1,2,2,0,0,0,0,2,20,"2004","Mujeres"
"Coahuila",11,18,0,4,0,0,0,0,21,54,"2004","Mujeres"
"Colima",3218,1558,55,0,0,0,6,42,40,4919,"2004","Mujeres"
"Chiapas",62,2,12,15,0,0,1,0,7,99,"2004","Mujeres"
"Chihuahua",90,61,0,51,0,0,0,0,22,224,"2004","Mujeres"
"Distrito Federal",140,15,34,0,0,0,0,1,0,190,"2004","Mujeres"
"Durango",2134,16,12,406,0,0,3,0,0,2571,"2004","Mujeres"
"Guanajuato",6265,3114,160,0,0,0,35,0,2830,12404,"2004","Mujeres"
"Guerrero",12425,1190,436,0,0,0,109,44,1,14205,"2004","Mujeres"
"Hidalgo",114,0,1,26,0,0,0,0,4,145,"2004","Mujeres"
"Jalisco",15444,6373,55,0,1,0,32,1,1534,23440,"2004","Mujeres"
"Mexico",2421,12,10,0,1,0,2,0,151,2597,"2004","Mujeres"
"Michoacan",6979,1296,389,3214,0,0,0,12,0,11890,"2004","Mujeres"
"Morelos",8338,3183,533,0,0,0,0,0,0,12054,"2004","Mujeres"
"Nayarit",4292,685,48,1399,1,0,2,0,10,6437,"2004","Mujeres"
"Nuevo Leon",16,134,0,0,0,0,0,0,32,182,"2004","Mujeres"
"Oaxaca",1353,69,55,793,0,1,6,17,3,2297,"2004","Mujeres"
"Puebla",5248,653,84,1787,0,0,0,0,40,7812,"2004","Mujeres"
"Queretaro",466,1495,20,0,0,0,0,0,15,1996,"2004","Mujeres"
"Quintana Roo",16,21,6,0,0,0,0,0,0,43,"2004","Mujeres"
"San Luis Potosi",47,113,3,22,0,1,0,0,2,188,"2004","Mujeres"
"Sinaloa",1771,881,89,1094,13,0,10,9,441,4308,"2004","Mujeres"
"Sonora",2177,911,44,0,0,0,3,0,147,3282,"2004","Mujeres"
"Tabasco",15,0,1,0,0,1,0,0,0,17,"2004","Mujeres"
"Tamaulipas",104,5,0,29,0,6,3,0,128,275,"2004","Mujeres"
"Tlaxcala",24,4,0,0,0,0,0,0,0,28,"2004","Mujeres"
"Veracruz",72,40,3,17,0,0,1,2,0,135,"2004","Mujeres"
"Yucatan",10,1,0,13,0,0,0,0,1,25,"2004","Mujeres"
"Zacatecas",921,56,1,272,0,0,1,0,0,1251,"2004","Mujeres"
"Total",74921,21956,2067,9145,16,9,214,128,5433,113889,"2004","Mujeres"
"Aguascalientes",893,15,0,0,0,0,0,0,0,908,"2005","Mujeres"
"Baja California",14,31,4,4,0,0,1,0,24,78,"2005","Mujeres"
"Baja California Sur",49,0,14,0,0,0,0,0,0,63,"2005","Mujeres"
"Campeche",11,1,4,7,0,0,1,0,0,24,"2005","Mujeres"
"Coahuila",23,22,1,8,0,0,0,0,10,64,"2005","Mujeres"
"Colima",3219,1077,45,0,0,0,12,51,104,4508,"2005","Mujeres"
"Chiapas",112,2,15,24,0,0,3,0,2,158,"2005","Mujeres"
"Chihuahua",82,29,3,52,0,0,0,0,16,182,"2005","Mujeres"
"Distrito Federal",181,8,25,0,1,0,1,1,7,224,"2005","Mujeres"
"Durango",2656,1,3,322,4,0,0,0,0,2986,"2005","Mujeres"
"Guanajuato",7015,3669,222,2,0,0,25,0,3360,14293,"2005","Mujeres"
"Guerrero",13683,2276,641,4,0,0,15,29,0,16648,"2005","Mujeres"
"Hidalgo",132,0,1,15,0,1,0,0,2,151,"2005","Mujeres"
"Jalisco",17825,6004,64,3,0,0,20,0,1326,25242,"2005","Mujeres"
"Mexico",2722,0,11,1,5,0,2,0,186,2927,"2005","Mujeres"
"Michoacan",7804,1960,435,3359,0,0,24,11,0,13593,"2005","Mujeres"
"Morelos",11077,4091,600,21,0,0,6,0,0,15795,"2005","Mujeres"
"Nayarit",4154,607,48,1244,2,0,4,0,10,6069,"2005","Mujeres"
"Nuevo Leon",15,9,0,0,0,0,0,0,33,57,"2005","Mujeres"
"Oaxaca",1631,49,48,912,1,1,3,15,2,2662,"2005","Mujeres"
"Puebla",5994,733,62,1891,0,2,0,0,33,8715,"2005","Mujeres"
"Queretaro",623,1275,41,0,0,0,0,0,52,1991,"2005","Mujeres"
"Quintana Roo",41,16,17,0,0,0,0,0,0,74,"2005","Mujeres"
"San Luis Potosi",78,60,1,46,0,2,2,0,3,192,"2005","Mujeres"
"Sinaloa",1495,922,69,854,10,0,24,15,391,3780,"2005","Mujeres"
"Sonora",2054,741,72,2,0,0,3,0,121,2993,"2005","Mujeres"
"Tabasco",9,4,1,0,0,0,0,0,1,15,"2005","Mujeres"
"Tamaulipas",94,29,0,12,12,4,2,3,26,182,"2005","Mujeres"
"Tlaxcala",13,4,0,0,0,0,0,0,0,17,"2005","Mujeres"
"Veracruz",61,25,0,16,0,0,1,0,0,103,"2005","Mujeres"
"Yucatan",14,2,4,9,0,0,0,0,0,29,"2005","Mujeres"
"Zacatecas",1215,30,5,299,0,0,0,0,0,1549,"2005","Mujeres"
"Total",84989,23692,2456,9107,35,10,149,125,5709,126272,"2005","Mujeres"
"Aguascalientes",977,17,0,0,0,0,0,0,1,995,"2006","Mujeres"
"Baja California",22,38,0,2,0,0,0,0,11,73,"2006","Mujeres"
"Baja California Sur",65,2,17,0,0,0,0,0,0,84,"2006","Mujeres"
"Campeche",14,7,3,1,0,0,0,0,3,28,"2006","Mujeres"
"Coahuila",40,33,2,5,0,0,0,0,4,84,"2006","Mujeres"
"Colima",3535,1205,42,0,0,0,2,35,29,4848,"2006","Mujeres"
"Chiapas",85,7,10,12,0,0,1,0,0,115,"2006","Mujeres"
"Chihuahua",91,14,8,59,0,0,3,0,9,184,"2006","Mujeres"
"Distrito Federal",189,13,37,0,5,0,1,1,6,252,"2006","Mujeres"
"Durango",2676,6,2,444,0,0,0,0,0,3128,"2006","Mujeres"
"Guanajuato",8205,5327,201,0,0,8,43,0,3315,17099,"2006","Mujeres"
"Guerrero",16711,3484,557,9,0,0,39,37,18,20855,"2006","Mujeres"
"Hidalgo",123,0,0,11,0,0,0,0,2,136,"2006","Mujeres"
"Jalisco",19936,7611,84,1,0,0,34,0,1802,29468,"2006","Mujeres"
"Mexico",3197,8,7,5,4,0,1,0,170,3392,"2006","Mujeres"
"Michoacan",9273,2384,426,3896,0,0,28,11,0,16018,"2006","Mujeres"
"Morelos",11923,3201,582,12,0,0,5,0,0,15723,"2006","Mujeres"
"Nayarit",4766,564,40,1520,2,0,8,0,15,6915,"2006","Mujeres"
"Nuevo Leon",36,40,2,0,0,0,0,0,22,100,"2006","Mujeres"
"Oaxaca",1662,22,80,1042,2,1,11,6,2,2828,"2006","Mujeres"
"Puebla",6360,502,50,2150,0,0,1,0,40,9103,"2006","Mujeres"
"Queretaro",652,1538,79,0,11,0,0,0,56,2336,"2006","Mujeres"
"Quintana Roo",21,36,14,0,0,0,0,0,0,71,"2006","Mujeres"
"San Luis Potosi",67,103,6,53,0,0,0,0,4,233,"2006","Mujeres"
"Sinaloa",1927,905,93,875,4,0,12,20,445,4281,"2006","Mujeres"
"Sonora",1833,747,59,0,0,0,5,0,104,2748,"2006","Mujeres"
"Tabasco",13,3,0,0,0,2,0,0,1,19,"2006","Mujeres"
"Tamaulipas",114,29,6,24,0,4,1,0,6,184,"2006","Mujeres"
"Tlaxcala",19,4,0,0,0,0,0,0,0,23,"2006","Mujeres"
"Veracruz",94,39,2,22,0,0,0,0,0,157,"2006","Mujeres"
"Yucatan",14,5,2,11,0,0,0,0,4,36,"2006","Mujeres"
"Zacatecas",1504,24,2,406,0,0,0,0,0,1936,"2006","Mujeres"
"Total",96144,27918,2413,10560,28,15,195,110,6069,143452,"2006","Mujeres"
"Aguascalientes",983,9,1,NA,0,NA,0,NA,0,993,"2007","Mujeres"
"Baja California",14,40,2,2,NA,NA,0,0,17,75,"2007","Mujeres"
"Baja California Sur",69,2,5,NA,NA,NA,1,0,NA,77,"2007","Mujeres"
"Campeche",22,5,3,0,0,0,0,0,0,30,"2007","Mujeres"
"Coahuila",38,47,3,10,0,NA,0,NA,9,107,"2007","Mujeres"
"Colima",3229,1202,41,NA,0,NA,2,37,28,4539,"2007","Mujeres"
"Chiapas",91,17,16,24,NA,0,0,10,5,163,"2007","Mujeres"
"Chihuahua",75,51,0,68,NA,NA,0,NA,5,199,"2007","Mujeres"
"Distrito Federal",182,21,39,0,1,0,4,1,12,260,"2007","Mujeres"
"Durango",2760,122,0,499,0,NA,1,NA,3,3385,"2007","Mujeres"
"Guanajuato",7949,5486,164,1,NA,7,47,NA,3794,17448,"2007","Mujeres"
"Guerrero",16018,3125,456,2,NA,NA,45,11,0,19657,"2007","Mujeres"
"Hidalgo",82,1,2,7,0,0,0,NA,3,95,"2007","Mujeres"
"Jalisco",19569,5828,62,0,0,0,21,3,2555,28038,"2007","Mujeres"
"Mexico",3080,24,4,0,2,NA,1,NA,158,3269,"2007","Mujeres"
"Michoacan",8639,1440,396,3407,NA,NA,34,4,NA,13920,"2007","Mujeres"
"Morelos",11963,3379,571,3,NA,NA,34,NA,NA,15950,"2007","Mujeres"
"Nayarit",4929,643,86,1504,9,NA,6,1,14,7192,"2007","Mujeres"
"Nuevo Leon",31,79,0,0,0,0,0,NA,14,124,"2007","Mujeres"
"Oaxaca",1981,86,86,1027,2,0,4,15,13,3214,"2007","Mujeres"
"Puebla",4967,549,50,2324,0,0,0,NA,43,7933,"2007","Mujeres"
"Queretaro",619,1206,63,0,2,NA,NA,NA,39,1929,"2007","Mujeres"
"Quintana Roo",24,23,5,NA,NA,NA,0,0,NA,52,"2007","Mujeres"
"San Luis Potosi",98,78,4,53,NA,1,0,NA,8,242,"2007","Mujeres"
"Sinaloa",1888,863,84,1071,4,0,11,14,349,4284,"2007","Mujeres"
"Sonora",2074,538,59,0,NA,NA,7,1,103,2782,"2007","Mujeres"
"Tabasco",9,9,0,NA,NA,0,2,0,1,21,"2007","Mujeres"
"Tamaulipas",109,34,8,24,0,1,0,0,7,183,"2007","Mujeres"
"Tlaxcala",20,7,0,0,0,NA,0,NA,0,27,"2007","Mujeres"
"Veracruz",96,53,2,25,0,0,0,0,NA,176,"2007","Mujeres"
"Yucatan",12,15,4,14,0,NA,0,0,0,45,"2007","Mujeres"
"Zacatecas",1467,49,1,436,0,NA,3,NA,0,1956,"2007","Mujeres"
"Total",93087,25031,2217,10501,20,9,223,97,7180,138365,"2007","Mujeres"
"Aguascalientes",970,16,0,NA,0,NA,0,NA,0,986,"2008","Mujeres"
"Baja California",21,47,2,0,NA,NA,0,1,15,86,"2008","Mujeres"
"Baja California Sur",47,8,10,NA,NA,NA,0,1,NA,66,"2008","Mujeres"
"Campeche",43,11,5,2,0,0,0,0,0,61,"2008","Mujeres"
"Coahuila",57,35,3,8,0,NA,0,NA,5,108,"2008","Mujeres"
"Colima",3506,1133,42,NA,0,NA,2,29,61,4773,"2008","Mujeres"
"Chiapas",122,28,30,34,NA,0,0,1,7,222,"2008","Mujeres"
"Chihuahua",82,47,4,84,NA,NA,0,NA,7,224,"2008","Mujeres"
"Distrito Federal",198,15,41,0,0,0,4,1,10,269,"2008","Mujeres"
"Durango",2694,43,1,494,0,NA,0,NA,2,3234,"2008","Mujeres"
"Guanajuato",8461,3359,261,0,NA,20,30,NA,3090,15221,"2008","Mujeres"
"Guerrero",17139,2639,697,0,NA,NA,20,3,NA,20498,"2008","Mujeres"
"Hidalgo",117,0,0,5,0,0,0,NA,3,125,"2008","Mujeres"
"Jalisco",18910,5538,59,3,0,0,3,0,2384,26897,"2008","Mujeres"
"Mexico",3939,28,10,1,9,NA,0,NA,177,4164,"2008","Mujeres"
"Michoacan",8869,2811,401,3752,NA,NA,35,3,NA,15871,"2008","Mujeres"
"Morelos",11750,2799,708,11,NA,NA,68,NA,NA,15336,"2008","Mujeres"
"Nayarit",4735,462,89,1574,10,NA,3,1,6,6880,"2008","Mujeres"
"Nuevo Leon",39,70,2,0,NA,0,0,NA,23,134,"2008","Mujeres"
"Oaxaca",2090,103,95,1014,5,0,3,17,4,3331,"2008","Mujeres"
"Puebla",5648,513,60,1959,0,0,0,NA,29,8209,"2008","Mujeres"
"Queretaro",668,1596,65,0,0,NA,0,NA,40,2369,"2008","Mujeres"
"Quintana Roo",28,21,6,NA,NA,NA,0,0,NA,55,"2008","Mujeres"
"San Luis Potosi",80,98,5,48,NA,0,0,NA,8,239,"2008","Mujeres"
"Sinaloa",2127,878,106,1128,13,0,3,13,394,4662,"2008","Mujeres"
"Sonora",1741,642,54,0,NA,NA,3,0,152,2592,"2008","Mujeres"
"Tabasco",16,14,3,NA,NA,0,0,0,0,33,"2008","Mujeres"
"Tamaulipas",98,43,7,16,1,2,3,0,12,182,"2008","Mujeres"
"Tlaxcala",28,3,0,0,0,NA,0,NA,0,31,"2008","Mujeres"
"Veracruz",85,39,0,23,0,0,2,0,NA,149,"2008","Mujeres"
"Yucatan",6,15,0,13,0,NA,0,0,0,34,"2008","Mujeres"
"Zacatecas",1520,50,3,478,0,NA,4,NA,0,2055,"2008","Mujeres"
"Total",95834,23104,2769,10647,38,22,183,70,6429,139096,"2008","Mujeres"
"Aguascalientes",947,21,0,NA,0,NA,0,NA,5,973,"2009","Mujeres"
"Baja California",37,49,1,2,NA,NA,0,0,19,108,"2009","Mujeres"
"Baja California Sur",28,14,5,NA,NA,NA,0,0,NA,47,"2009","Mujeres"
"Campeche",29,11,8,6,0,0,0,0,1,55,"2009","Mujeres"
"Coahuila",56,49,0,9,0,NA,1,NA,4,119,"2009","Mujeres"
"Colima",3503,1078,47,NA,0,NA,0,18,39,4685,"2009","Mujeres"
"Chiapas",92,57,47,44,NA,0,0,0,0,240,"2009","Mujeres"
"Chihuahua",87,39,4,77,NA,NA,0,NA,12,219,"2009","Mujeres"
"Distrito Federal",185,15,37,0,1,0,3,0,5,246,"2009","Mujeres"
"Durango",2536,37,5,527,0,NA,0,NA,1,3106,"2009","Mujeres"
"Guanajuato",10878,360,171,1,NA,16,32,NA,2711,14169,"2009","Mujeres"
"Guerrero",19980,3115,702,6,NA,NA,17,25,NA,23845,"2009","Mujeres"
"Hidalgo",95,0,0,20,0,0,0,NA,1,116,"2009","Mujeres"
"Jalisco",18932,6313,16,3,0,0,6,5,2200,27475,"2009","Mujeres"
"Mexico",4431,44,7,2,1,NA,1,NA,143,4629,"2009","Mujeres"
"Michoacan",9023,3027,462,4356,NA,NA,31,11,NA,16910,"2009","Mujeres"
"Morelos",12803,2984,527,5,NA,NA,75,NA,NA,16394,"2009","Mujeres"
"Nayarit",4711,634,72,1528,31,NA,4,0,15,6995,"2009","Mujeres"
"Nuevo Leon",38,114,0,0,NA,0,0,NA,19,171,"2009","Mujeres"
"Oaxaca",1953,116,123,1103,0,0,3,14,6,3318,"2009","Mujeres"
"Puebla",5531,534,33,2168,0,0,1,NA,22,8289,"2009","Mujeres"
"Queretaro",580,1410,64,0,2,NA,1,NA,39,2096,"2009","Mujeres"
"Quintana Roo",51,46,10,NA,NA,NA,0,1,NA,108,"2009","Mujeres"
"San Luis Potosi",54,64,8,35,NA,0,1,NA,8,170,"2009","Mujeres"
"Sinaloa",2016,1281,142,1092,13,0,2,6,404,4956,"2009","Mujeres"
"Sonora",1688,757,82,1,NA,NA,1,2,116,2647,"2009","Mujeres"
"Tabasco",12,10,1,NA,NA,0,0,0,1,24,"2009","Mujeres"
"Tamaulipas",115,51,1,18,0,0,0,0,5,190,"2009","Mujeres"
"Tlaxcala",26,9,0,0,0,NA,0,NA,0,35,"2009","Mujeres"
"Veracruz",64,68,3,22,0,1,0,4,NA,162,"2009","Mujeres"
"Yucatan",4,0,3,20,0,NA,0,0,0,27,"2009","Mujeres"
"Zacatecas",1321,54,9,532,0,NA,0,NA,0,1916,"2009","Mujeres"
"Total",101806,22361,2590,11577,48,17,179,86,5776,144440,"2009","Mujeres"
"Aguascalientes",1008,42,0,NA,0,NA,0,NA,3,1053,"2010","Mujeres"
"Baja California",22,28,1,0,NA,NA,0,0,3,54,"2010","Mujeres"
"Baja California Sur",31,20,0,NA,NA,NA,0,0,NA,51,"2010","Mujeres"
"Campeche",25,20,5,4,0,0,0,0,2,56,"2010","Mujeres"
"Coahuila",45,98,4,7,0,NA,0,NA,3,157,"2010","Mujeres"
"Colima",3356,1326,34,NA,0,NA,0,33,31,4780,"2010","Mujeres"
"Chiapas",66,59,31,18,NA,0,0,1,7,182,"2010","Mujeres"
"Chihuahua",83,55,5,59,NA,NA,0,NA,11,213,"2010","Mujeres"
"Distrito Federal",232,10,48,0,0,0,7,1,10,308,"2010","Mujeres"
"Durango",2887,72,4,543,0,NA,4,NA,7,3517,"2010","Mujeres"
"Guanajuato",12548,358,173,0,NA,26,9,NA,2909,16023,"2010","Mujeres"
"Guerrero",20443,3063,728,1,NA,NA,26,31,4,24296,"2010","Mujeres"
"Hidalgo",84,0,0,16,0,0,0,NA,2,102,"2010","Mujeres"
"Jalisco",17825,5215,75,0,0,0,7,5,2540,25667,"2010","Mujeres"
"Mexico",4050,71,9,0,16,NA,0,NA,169,4315,"2010","Mujeres"
"Michoacan",8494,3079,492,3985,NA,NA,47,14,NA,16111,"2010","Mujeres"
"Morelos",12674,2523,450,0,NA,NA,75,NA,NA,15722,"2010","Mujeres"
"Nayarit",3943,627,90,1472,23,NA,1,0,0,6156,"2010","Mujeres"
"Nuevo Leon",27,84,1,0,NA,0,0,NA,4,116,"2010","Mujeres"
"Oaxaca",1751,117,118,1126,1,0,3,4,2,3122,"2010","Mujeres"
"Puebla",5687,598,36,2170,0,0,0,NA,26,8517,"2010","Mujeres"
"Queretaro",819,1677,96,0,8,NA,0,NA,43,2643,"2010","Mujeres"
"Quintana Roo",31,74,12,NA,NA,NA,0,0,NA,117,"2010","Mujeres"
"San Luis Potosi",79,29,2,35,NA,2,0,NA,2,149,"2010","Mujeres"
"Sinaloa",1940,1171,119,1220,5,0,0,9,363,4827,"2010","Mujeres"
"Sonora",1631,664,74,0,NA,NA,1,5,153,2528,"2010","Mujeres"
"Tabasco",13,22,1,NA,NA,0,0,0,1,37,"2010","Mujeres"
"Tamaulipas",104,47,0,17,0,0,0,0,1,169,"2010","Mujeres"
"Tlaxcala",28,7,0,0,0,NA,0,NA,0,35,"2010","Mujeres"
"Veracruz",60,53,0,17,0,0,0,5,0,135,"2010","Mujeres"
"Yucatan",6,2,2,29,0,NA,0,0,2,41,"2010","Mujeres"
"Zacatecas",1394,57,2,492,0,NA,0,NA,3,1948,"2010","Mujeres"
"Total",101386,21268,2612,11211,53,28,180,108,6301,143147,"2010","Mujeres"
"Aguascalientes",1040,64,1,NA,0,NA,0,NA,0,1105,"2011","Mujeres"
"Baja California",19,36,1,9,NA,NA,0,0,2,67,"2011","Mujeres"
"Baja California Sur",47,18,4,NA,NA,NA,0,0,NA,69,"2011","Mujeres"
"Campeche",29,12,11,3,0,0,0,0,4,59,"2011","Mujeres"
"Coahuila",32,73,0,4,0,NA,0,NA,0,109,"2011","Mujeres"
"Colima",3708,1456,28,NA,0,NA,0,36,37,5265,"2011","Mujeres"
"Chiapas",77,88,25,14,NA,0,0,2,2,208,"2011","Mujeres"
"Chihuahua",95,58,3,74,NA,NA,0,NA,36,266,"2011","Mujeres"
"Distrito Federal",215,12,32,1,1,1,1,0,28,291,"2011","Mujeres"
"Durango",3473,70,4,485,0,NA,0,NA,1,4033,"2011","Mujeres"
"Guanajuato",13080,588,224,0,NA,24,25,NA,2602,16543,"2011","Mujeres"
"Guerrero",21994,3218,782,1,NA,NA,52,19,0,26066,"2011","Mujeres"
"Hidalgo",114,2,0,23,0,0,0,NA,0,139,"2011","Mujeres"
"Jalisco",18155,4541,70,1,0,0,5,7,3009,25788,"2011","Mujeres"
"Mexico",4732,45,6,2,9,NA,0,NA,235,5029,"2011","Mujeres"
"Michoacan",7891,3145,375,4743,NA,NA,26,5,NA,16185,"2011","Mujeres"
"Morelos",15150,2577,631,1,NA,NA,30,NA,NA,18389,"2011","Mujeres"
"Nayarit",3856,800,116,1502,2,NA,5,1,1,6283,"2011","Mujeres"
"Nuevo Leon",32,74,0,0,NA,0,0,NA,17,123,"2011","Mujeres"
"Oaxaca",1645,105,89,1189,0,0,2,3,4,3037,"2011","Mujeres"
"Puebla",5482,509,27,1986,0,0,0,NA,35,8039,"2011","Mujeres"
"Queretaro",1199,1730,75,0,1,NA,1,NA,46,3052,"2011","Mujeres"
"Quintana Roo",50,54,28,NA,NA,NA,0,0,3,135,"2011","Mujeres"
"San Luis Potosi",78,22,5,32,NA,2,0,NA,9,148,"2011","Mujeres"
"Sinaloa",2259,1293,117,1279,0,0,7,12,316,5283,"2011","Mujeres"
"Sonora",2143,1040,110,0,NA,NA,3,2,122,3420,"2011","Mujeres"
"Tabasco",15,14,1,NA,NA,0,0,0,7,37,"2011","Mujeres"
"Tamaulipas",114,63,0,25,0,1,0,0,2,205,"2011","Mujeres"
"Tlaxcala",30,8,0,0,0,NA,0,NA,0,38,"2011","Mujeres"
"Veracruz",70,43,2,29,0,0,4,5,0,153,"2011","Mujeres"
"Yucatan",1,16,4,16,0,NA,0,0,8,45,"2011","Mujeres"
"Zacatecas",1325,43,3,506,0,NA,0,NA,0,1877,"2011","Mujeres"
"Total",108150,21817,2774,11925,13,28,161,92,6526,151486,"2011","Mujeres"
"Aguascalientes",1143,46,1,NA,0,NA,0,NA,2,1192,"2012","Mujeres"
"Baja California",28,38,0,3,NA,NA,0,0,0,69,"2012","Mujeres"
"Baja California Sur",75,8,6,NA,NA,NA,0,0,NA,89,"2012","Mujeres"
"Campeche",26,18,2,4,0,0,0,0,2,52,"2012","Mujeres"
"Coahuila",39,79,0,4,2,NA,2,NA,3,129,"2012","Mujeres"
"Colima",3594,1482,16,NA,0,NA,0,154,67,5313,"2012","Mujeres"
"Chiapas",81,66,10,26,NA,0,0,0,4,187,"2012","Mujeres"
"Chihuahua",118,49,7,88,NA,NA,0,NA,14,276,"2012","Mujeres"
"Distrito Federal",160,12,29,1,2,0,6,0,37,247,"2012","Mujeres"
"Durango",3498,25,4,582,0,NA,NA,0,0,4109,"2012","Mujeres"
"Guanajuato",13992,3841,283,1,NA,17,36,NA,1340,19510,"2012","Mujeres"
"Guerrero",24811,3145,905,62,NA,NA,72,7,0,29002,"2012","Mujeres"
"Hidalgo",131,3,0,12,0,2,0,NA,0,148,"2012","Mujeres"
"Jalisco",18622,5362,63,1,0,0,7,3,2699,26757,"2012","Mujeres"
"Mexico",5372,55,2,4,7,NA,0,NA,245,5685,"2012","Mujeres"
"Michoacan",7678,3547,479,5882,NA,NA,3,14,NA,17603,"2012","Mujeres"
"Morelos",14495,1200,586,0,NA,NA,32,NA,NA,16313,"2012","Mujeres"
"Nayarit",4237,1159,122,1757,0,NA,0,1,5,7281,"2012","Mujeres"
"Nuevo Leon",40,76,0,0,NA,0,0,NA,23,139,"2012","Mujeres"
"Oaxaca",1544,134,99,1299,1,0,1,8,6,3092,"2012","Mujeres"
"Puebla",5566,505,62,1891,0,0,0,NA,44,8068,"2012","Mujeres"
"Queretaro",1215,1629,77,0,0,NA,0,NA,50,2971,"2012","Mujeres"
"Quintana Roo",25,17,17,NA,NA,NA,0,0,3,62,"2012","Mujeres"
"San Luis Potosi",103,60,5,62,NA,3,0,NA,4,237,"2012","Mujeres"
"Sinaloa",2617,1249,126,1401,4,0,3,12,304,5716,"2012","Mujeres"
"Sonora",2155,1304,66,0,NA,NA,2,1,196,3724,"2012","Mujeres"
"Tabasco",21,25,1,NA,NA,0,0,0,3,50,"2012","Mujeres"
"Tamaulipas",154,104,1,42,16,0,0,0,6,323,"2012","Mujeres"
"Tlaxcala",18,18,0,0,0,NA,0,NA,0,36,"2012","Mujeres"
"Veracruz",75,58,4,22,0,0,0,0,0,159,"2012","Mujeres"
"Yucatan",3,14,0,16,0,NA,0,0,3,36,"2012","Mujeres"
"Zacatecas",1293,81,3,499,0,NA,0,NA,0,1876,"2012","Mujeres"
"Total",112929,25409,2976,13659,32,22,164,200,5060,160451,"2012","Mujeres"
"Aguascalientes",1024,9,4,NA,0,NA,0,NA,3,1040,"2013","Mujeres"
"Baja California",31,45,0,12,NA,NA,0,0,1,89,"2013","Mujeres"
"Baja California Sur",28,7,2,NA,NA,NA,0,0,NA,37,"2013","Mujeres"
"Campeche",25,11,4,3,0,0,0,0,3,46,"2013","Mujeres"
"Coahuila",31,89,0,3,0,NA,0,NA,2,125,"2013","Mujeres"
"Colima",3688,1368,21,NA,0,NA,0,18,49,5144,"2013","Mujeres"
"Chiapas",86,92,16,10,NA,0,0,3,6,213,"2013","Mujeres"
"Chihuahua",95,33,3,63,NA,NA,0,NA,22,216,"2013","Mujeres"
"Distrito Federal",228,4,39,0,0,0,0,0,26,297,"2013","Mujeres"
"Durango",4281,23,1,651,0,NA,1,0,1,4958,"2013","Mujeres"
"Guanajuato",13029,3561,350,0,NA,20,47,NA,1297,18304,"2013","Mujeres"
"Guerrero",27519,1927,856,247,NA,NA,70,8,0,30627,"2013","Mujeres"
"Hidalgo",127,2,1,8,0,0,0,NA,4,142,"2013","Mujeres"
"Jalisco",18637,5447,70,1,0,0,3,0,2611,26769,"2013","Mujeres"
"Mexico",5730,75,9,0,2,NA,2,NA,240,6058,"2013","Mujeres"
"Michoacan",8968,3659,514,5089,NA,NA,0,7,NA,18237,"2013","Mujeres"
"Morelos",13778,2198,558,0,NA,NA,28,NA,NA,16562,"2013","Mujeres"
"Nayarit",4542,1252,123,1631,2,NA,0,0,0,7550,"2013","Mujeres"
"Nuevo Leon",47,58,2,0,NA,0,0,NA,4,111,"2013","Mujeres"
"Oaxaca",1682,123,104,1305,0,0,3,8,9,3234,"2013","Mujeres"
"Puebla",4404,441,51,2073,0,0,0,NA,34,7003,"2013","Mujeres"
"Queretaro",1242,1778,82,0,2,NA,0,NA,33,3137,"2013","Mujeres"
"Quintana Roo",43,22,10,NA,NA,NA,0,0,0,75,"2013","Mujeres"
"San Luis Potosi",98,57,5,60,NA,1,1,NA,15,237,"2013","Mujeres"
"Sinaloa",2544,1332,142,1371,0,0,12,15,342,5758,"2013","Mujeres"
"Sonora",2117,1177,73,0,NA,NA,0,5,153,3525,"2013","Mujeres"
"Tabasco",7,12,1,NA,NA,1,0,0,1,22,"2013","Mujeres"
"Tamaulipas",152,111,0,29,3,0,0,0,4,299,"2013","Mujeres"
"Tlaxcala",17,12,0,0,0,NA,0,NA,0,29,"2013","Mujeres"
"Veracruz",59,50,2,24,0,1,1,0,0,137,"2013","Mujeres"
"Yucatan",4,9,0,14,1,NA,0,0,0,28,"2013","Mujeres"
"Zacatecas",1379,77,6,656,0,NA,2,NA,0,2120,"2013","Mujeres"
"Total",115642,25061,3049,13250,10,23,170,64,4860,162129,"2013","Mujeres"
